-- phpMyAdmin SQL Dump
-- version 4.8.5
-- https://www.phpmyadmin.net/
--
-- Host: db
-- Generation Time: Jul 16, 2019 at 01:46 PM
-- Server version: 10.1.38-MariaDB-1~bionic
-- PHP Version: 7.2.14

SET SQL_MODE = "NO_AUTO_VALUE_ON_ZERO";
SET AUTOCOMMIT = 0;
START TRANSACTION;
SET time_zone = "+00:00";


/*!40101 SET @OLD_CHARACTER_SET_CLIENT=@@CHARACTER_SET_CLIENT */;
/*!40101 SET @OLD_CHARACTER_SET_RESULTS=@@CHARACTER_SET_RESULTS */;
/*!40101 SET @OLD_COLLATION_CONNECTION=@@COLLATION_CONNECTION */;
/*!40101 SET NAMES utf8mb4 */;

--
-- Database: `asset2`
--

-- --------------------------------------------------------

--
-- Table structure for table `asset`
--

CREATE TABLE `asset` (
  `id` int(50) NOT NULL COMMENT 'รหัส',
  `asset_id` varchar(255) NOT NULL COMMENT 'หมายเลยครุภัณฑ์',
  `fsn_number` varchar(50) NOT NULL COMMENT 'หมายเลขครุภัณฑ์',
  `asset_number` varchar(30) DEFAULT NULL COMMENT 'เลขครุภัณ/ลำดับ',
  `fsn_check` int(11) DEFAULT NULL COMMENT 'ความถูต้องของเลขครุภัณฑ์',
  `group_id` varchar(2) DEFAULT NULL COMMENT 'กลุ่ม',
  `class_id` varchar(4) DEFAULT NULL COMMENT 'ประเภท',
  `type_id` varchar(3) DEFAULT NULL COMMENT 'ชนิด',
  `number` varchar(255) DEFAULT NULL COMMENT 'หมายเลข',
  `category_id` int(11) DEFAULT NULL COMMENT 'หมวดหมู่',
  `subcategory_id` int(11) DEFAULT NULL COMMENT 'หมวดหมู่ย่อย',
  `department_id` varchar(10) DEFAULT NULL COMMENT 'จุดที่ตั้ง',
  `user_id` int(11) DEFAULT NULL COMMENT 'ผู้บันทึก',
  `dealer_id` int(11) DEFAULT NULL COMMENT 'ผู้จำหน่าย',
  `band_id` int(11) DEFAULT NULL COMMENT 'ยี่ห้อ',
  `model` varchar(100) DEFAULT NULL COMMENT 'รุ่น',
  `date_start` date DEFAULT NULL COMMENT 'วันรับเข้า',
  `date_expire` date DEFAULT NULL COMMENT 'วันหมดอายุ',
  `budgets_year` varchar(4) DEFAULT NULL COMMENT 'ปีงบประมาณ',
  `buying_id` varchar(10) DEFAULT NULL COMMENT 'วิธีการได้มา',
  `budgets_id` varchar(10) DEFAULT NULL COMMENT 'ซื้อจากงบ',
  `image` text COMMENT 'รูปภาพ',
  `status_id` varchar(100) DEFAULT NULL COMMENT 'สถานะ',
  `condition_id` varchar(10) DEFAULT NULL COMMENT 'สภาพ',
  `price` double DEFAULT NULL COMMENT 'ราคา',
  `description` text COMMENT 'รายละเอียด',
  `sn` varchar(255) DEFAULT NULL COMMENT 'หมายเลขเครื่อง(S/N)',
  `files` text COMMENT 'เอกสารอื่นๆ..',
  `photo` longblob,
  `photo_name` varchar(255) DEFAULT NULL COMMENT 'ช่ือรูปภาพ',
  `ref` text,
  `update_by` int(11) DEFAULT NULL COMMENT 'ผู้แก้ไข',
  `updated` date DEFAULT NULL
) ENGINE=InnoDB DEFAULT CHARSET=utf8 COMMENT='เก็บข้อมูลทรัพสิน';

--
-- Dumping data for table `asset`
--

INSERT INTO `asset` (`id`, `asset_id`, `fsn_number`, `asset_number`, `fsn_check`, `group_id`, `class_id`, `type_id`, `number`, `category_id`, `subcategory_id`, `department_id`, `user_id`, `dealer_id`, `band_id`, `model`, `date_start`, `date_expire`, `budgets_year`, `buying_id`, `budgets_id`, `image`, `status_id`, `condition_id`, `price`, `description`, `sn`, `files`, `photo`, `photo_name`, `ref`, `update_by`, `updated`) VALUES
(55, '7440-001-0001/1', '7440-001-0001', '1', NULL, NULL, NULL, NULL, NULL, NULL, NULL, 'IPD', 3, NULL, 147, '999', '2012-11-11', '2017-11-11', '233', '01', '00', NULL, 'fix', NULL, 0, '', '', NULL, NULL, NULL, NULL, NULL, NULL),
(58, '7440-001-0001/2', '7440-001-0001', '2', NULL, NULL, NULL, NULL, NULL, NULL, NULL, 'IPD', 1, NULL, 2, '888', NULL, NULL, '233', NULL, '01', '28164989.jpeg', 'ready', NULL, 999, 'afsfsfsdf', '', NULL, NULL, NULL, NULL, NULL, NULL),
(59, '6515-071-0001/1', '6515-071-0001', '1', NULL, NULL, NULL, NULL, NULL, NULL, NULL, 'ER', 3, NULL, 1, '', '2017-04-11', '2022-03-12', '2333', NULL, '00', '44324985.jpeg', 'fix', NULL, 300000, 'uyuuy', '', NULL, NULL, NULL, NULL, NULL, NULL),
(60, '7440-001-0001/3', '7440-001-0001', '3', NULL, NULL, NULL, NULL, NULL, NULL, NULL, 'LR', NULL, NULL, NULL, '', NULL, NULL, '2333', NULL, NULL, '39452579.png', 'fix', NULL, 0, '', '', NULL, NULL, NULL, NULL, NULL, NULL),
(61, '7440-001-0001/4', '7440-001-0001', '4', NULL, NULL, NULL, NULL, NULL, NULL, NULL, 'IPD', NULL, NULL, 1, '', NULL, NULL, '2333', NULL, '03', '47230507.jpeg', 'ready', NULL, 0, 'ปปปปอออ', '', NULL, NULL, NULL, NULL, NULL, NULL),
(62, '0001-001-0001/1', '0001-001-0001', '1', NULL, NULL, NULL, NULL, NULL, NULL, NULL, 'ER', NULL, NULL, 1, 'xxx', NULL, NULL, '2333', NULL, '01', '', 'ready', NULL, 0, 'dfdfdf', '', NULL, NULL, NULL, NULL, NULL, NULL);

-- --------------------------------------------------------

--
-- Table structure for table `asset_condition`
--

CREATE TABLE `asset_condition` (
  `condition_id` varchar(10) NOT NULL COMMENT 'รหัสสภาพ',
  `condition_name` varchar(100) NOT NULL COMMENT 'สภาพ'
) ENGINE=InnoDB DEFAULT CHARSET=utf8 COMMENT='สภาพของครุภัณฑ์';

--
-- Dumping data for table `asset_condition`
--

INSERT INTO `asset_condition` (`condition_id`, `condition_name`) VALUES
('H', 'ดี'),
('L', 'ไม่พร้อมใช้'),
('M', 'พอใช้');

-- --------------------------------------------------------

--
-- Table structure for table `band`
--

CREATE TABLE `band` (
  `id` int(11) NOT NULL COMMENT 'รหัส',
  `name` varchar(45) NOT NULL COMMENT 'ชื่อ-ยี่ห้อ'
) ENGINE=InnoDB DEFAULT CHARSET=utf8;

--
-- Dumping data for table `band`
--

INSERT INTO `band` (`id`, `name`) VALUES
(0, ''),
(1, 'ไม่ระบุยี่ห้อ'),
(2, 'OMRON'),
(3, 'Innomed'),
(4, 'Medi-pump'),
(5, 'Neocare'),
(6, 'Solidia'),
(7, 'infinium'),
(8, 'Terumo '),
(9, 'KELEX MD 3125'),
(10, '3 DICS'),
(11, 'ิBIOHIT'),
(12, 'PRECISIOM'),
(13, 'Aesir'),
(14, 'Brannan'),
(15, 'Mirage'),
(16, 'SANYO'),
(17, 'memmert'),
(18, 'HETTICH'),
(19, 'BOECO'),
(20, 'Diamed'),
(21, 'K'),
(22, 'HEMACOUNT'),
(23, '-'),
(24, 'BISPOT'),
(25, 'NIKON'),
(26, 'OPTIMA'),
(27, 'OLYMPUS'),
(28, 'APEL'),
(29, 'CAMRY'),
(30, 'TERUFLEX'),
(31, 'BECMAN COUNTER'),
(32, 'Lifotronic'),
(33, 'DL'),
(34, 'DIRUI'),
(35, 'Cobas'),
(36, 'KONICA'),
(37, 'INTERMEDICAL (IMD)'),
(38, 'BASIC 100-30'),
(39, 'BLUE X'),
(40, 'MAC'),
(41, 'Riester'),
(42, 'DETECTO'),
(43, 'CAMRY'),
(44, 'FBT'),
(45, 'CERA CHEK 1070'),
(46, 'NUVE'),
(47, 'SmartFlow'),
(48, 'SONY'),
(49, 'Biolight '),
(50, 'Goldway'),
(51, 'Philips'),
(52, 'Dinamap'),
(53, ' Dinamap'),
(54, 'BTL'),
(55, 'AMP All'),
(56, 'ATTUCHO'),
(57, 'Mindray'),
(58, 'FLAEMNUOVA'),
(59, 'Welch Allyn'),
(60, 'BLT'),
(61, 'TRIMLINE'),
(62, 'Allied'),
(63, 'Comen'),
(64, 'WEINMANN'),
(65, 'Zoll AEDPlus'),
(66, 'PHLEGM'),
(67, 'Suction unit'),
(68, 'BSU'),
(69, 'Danger medical');

-- --------------------------------------------------------

--
-- Table structure for table `budgets`
--

CREATE TABLE `budgets` (
  `id` varchar(10) NOT NULL COMMENT 'รหัส',
  `name` varchar(100) NOT NULL COMMENT 'ชื่องบประมาน'
) ENGINE=InnoDB DEFAULT CHARSET=utf8 COMMENT='แหลงจ่ายเงิน';

--
-- Dumping data for table `budgets`
--

INSERT INTO `budgets` (`id`, `name`) VALUES
('00', 'ไม่ทราบ'),
('01', 'เงินบำรุง'),
('03', 'xxx');

-- --------------------------------------------------------

--
-- Table structure for table `budgets_year`
--

CREATE TABLE `budgets_year` (
  `id` int(11) NOT NULL,
  `start` date DEFAULT NULL,
  `end` date DEFAULT NULL
) ENGINE=InnoDB DEFAULT CHARSET=utf8;

--
-- Dumping data for table `budgets_year`
--

INSERT INTO `budgets_year` (`id`, `start`, `end`) VALUES
(233, '2017-11-11', '2019-11-11'),
(2333, '2016-09-29', '1997-09-29');

-- --------------------------------------------------------

--
-- Table structure for table `buying`
--

CREATE TABLE `buying` (
  `id` int(10) NOT NULL COMMENT 'รหัส',
  `name` varchar(100) NOT NULL COMMENT 'ชื่อ'
) ENGINE=InnoDB DEFAULT CHARSET=utf8;

--
-- Dumping data for table `buying`
--

INSERT INTO `buying` (`id`, `name`) VALUES
(1, 'ไม่ราบ'),
(2, 'จีดซื้อ');

-- --------------------------------------------------------

--
-- Table structure for table `category`
--

CREATE TABLE `category` (
  `id` int(11) NOT NULL COMMENT 'รหัส',
  `name` varchar(45) DEFAULT NULL COMMENT 'ชื่อหมวดหมู่'
) ENGINE=InnoDB DEFAULT CHARSET=utf8;

--
-- Dumping data for table `category`
--

INSERT INTO `category` (`id`, `name`) VALUES
(1, 'เครื่องมือช่วยชีวิต'),
(2, 'เครื่องมือเพื่อรักษา'),
(3, 'เครื่องมือเพื่อวินิจฉัย'),
(4, 'เครื่องมือสนับสนุน');

-- --------------------------------------------------------

--
-- Table structure for table `dealer`
--

CREATE TABLE `dealer` (
  `id` int(11) NOT NULL COMMENT 'รหัส',
  `name` varchar(45) NOT NULL COMMENT 'บริษัท',
  `address` varchar(255) NOT NULL COMMENT 'ที่อยู่',
  `tel` varchar(45) NOT NULL COMMENT 'โทรศัพท์'
) ENGINE=InnoDB DEFAULT CHARSET=utf8;

--
-- Dumping data for table `dealer`
--

INSERT INTO `dealer` (`id`, `name`, `address`, `tel`) VALUES
(1, 'ไม่ทราบข้อมูล', '-', '-'),
(2, 'Enraf-nonius B.V.', '54 ซอยพานิชอนันต์ ถนนสุขุมวิท71 เเขวงคลองตันเหนือ เขตวัฒนากรุงเทพ แฟ็กซ์ 027132145 E-mail:info@enraf.co.th', '0918288991, 027133366'),
(3, 'Rehab Medical CO.,LTD', '1201/104 ซอยลาดพร้าว94 ถนนศรีวรา(ทาวน์อินทาวน์) วังทองหลาง กรุงเทพ แฟ็กซื 025304461 E-mail:info@enraf.co.th', '025592429-31'),
(4, 'บีเวิลด์ เมดิคอล จำกัด', '91/69 ม.5 ต.ลำลูกกา อ.ลำลูกกา จ.ปทุมธานี 12150', '021527309-10 ,0909525556 คุณธวัธชัย'),
(5, 'Martha Group', 'บริษัท มารธา กรุ๊ป จำกัด 80/8-9 หมู่ที่ 1 ตำบลบ้านเกาะ อำเภอพระนครศรีอยุธยา จังหวัดพระนครศรีอยุธยา 13000', '0953728217'),
(6, 'Medical unit care', 'เลขที่ 368 ถนนอ่อนนุช เขตประเวศ เเขวงประเวศ กทม.10250 E-mail: Medicalunitcare@gmail.com', '023288097'),
(7, 'ซ่อมบำรุง โรงพยาบาลพรเจริญ', 'โรงพยาบาลพรเจริญ', '-'),
(8, 'ไทปันฒัมมิท จำกัด', '6 ซอยเสรีไทย  61แยก 11 แขวงรามอินทรา เขตคันนายาว กทม.  1023', '0897219714,0813219312'),
(9, 'ไพ ออริตี้แคร์ โปรดัก จำกัด', 'คุณ เอกชัย โสตากุล\r\n237 ซ.ร่มเกล้า 58 ถ.ร่มเกล้า แขวงคลองสามประเวศ เขตลาดกระบัง กทม. 10520\r\n', '092-51710790, 02-3696010'),
(10, 'HITACHI ALOKA MEDICAL', 'จใขอนแก่น', '043-421135'),
(11, 'เทอรูโม จำกัด', 'ห้อง 1203-1207 ชั้น 12  อาคาร บีบีบิวดิ้ง  54 ถ.อโศก (สุขุมวิท21) แขวงคลองเตยเหนือ  เขตวัฒนา กทม. 10110', '-'),
(12, 'คงศักดิ์เอกซเรย์การแพทย์อุตสาหกรรมจำกัด', '212/10  ถนนพหลโยธิน ซอย 55 แขวงอนุสาวรีย์ เขตบางเขน กรุงเทพมหานคร 10220 ', '0-2521-3214,0-2551-1794'),
(13, 'ไฟน์เมด จำกัด', '17/17-18 หมู่2 ถ.วิภาวดีรังสิต แขวงตลาดบางเขน เขตหลักสี่ กทม. 10210', '02-5611170,02-5611042,02-5611045'),
(14, 'แลปมาสเตอร์ แอ๊ดวานซ์ จำกัด', '91/91 หมู่11 ซ.ติวานนท์ ต.ตลาดขวัญ อ.เมืองนนทบุรี จ.นนทบุรี 11000', '0-2968-7838 ิfax:0-2968-7832 คุณพรพรรณ'),
(15, 'ไทยไดแอกนอสติก จำกัด', '23 ซ.อ่อนนุช62 แขวงสวนหลวง เขตสวนหลวง กทม 10230', '0-2704-6407 fax: 0-2704-6229'),
(16, 'เฟิร์มเมอร์ จำกัด', '26/5ซ.ลาดพร้าว แขวงลับพลา เขตวังทองหลาง กทม.10310', '0-2934-1581 fax: 0-2934-1580'),
(17, 'ROCHE', '2106 ถ.สุขุมวิทย์ แขวงบางจาก เขตพระขโนง กทม.10260', '0-2220-9000'),
(18, 'ไบโอเซ็น จำกัด', '23 ว.อ่อนนุช62 แขวงสวนหลวง เขตสวนหลวง กทม.10260', '0-2704-6407 fax: 0-2704-6229'),
(19, 'หจก.ไลฟ์ ไอเทค จำกัด', '-', '-'),
(20, 'เมดิคอล อินเตอร์เทค จำกัด', '19/411 ม.5 ซ.พหลโธิน แขวงคลองถนน เขตสายไหม กทม. 10220', '081-37115473'),
(21, 'ไทยจีแอลจำกัด', '-', '-'),
(22, 'อุดม เมดิคอล อิควิปเม้นท์ จำกัด', '80 ซอยพัฒนาการ 69 ซอยพัฒนาการ   อแขวงปวะเวศ  เขตประเวศ กทม.10250', '02-3201234'),
(23, 'ศูนย์วิทยาศสาตร์การแพทย์ที่8 อุดรธานี', '54หมู่1 ต.หนองไผ่ อ.เมือง จ.อุดรธานี 41330', '042-207367'),
(24, 'OMRON HEALTHCARE.Co.,Ltd', '1 ถ.สาทรใต้ แขวงยานนาวา กทม. 10120', '02-6704099'),
(25, 'เค เค เมดิคอล จำกัด', '79/66 ถ. รามคำแหง 150 เขตสะพานสูง กทม. 10240', '02-27028-1248'),
(26, 'สากลภัณฑ์ แมชินเนอรี่ จำกัด', '249/9-11 สี่แยกราชเทวี กทม.', '02-150670'),
(27, 'พีเอ็นพี สเกล แอนด์ อินสตรูเมนท์ จำกัด', '99/330 ซ.สวนหลวง แขวงบางค้อ เขตจอมทอง กทม. 10150', '087-0300163'),
(28, 'ร้านเจียงครุภัณฑ์', 'ถ. พังโคน-บึงกาฬ ต.พรเจริญ อ.พรเจริญ จ.บึงกาฬ', 'ไม่พบข้อมูล'),
(29, 'หจก. อาร์ แอน บี', '-', '-'),
(30, 'เมืองทองนาฬิกา', 'อุดรธานี', '-'),
(31, 'พี ซี แอล โฮลดิ้ง จำกัด', '613,603 Soi Charatlap, Sirinthorn Rd., Babgplad, Bankok 10700 Thailand.', '02-881-0650-7 fax:02-881-2300'),
(32, 'ไอเมดลาบอราทอรี่', 'กทม', '0874973555'),
(33, 'GE Medical System Chaina Co. Ltd.', '-', ' -'),
(34, ' ซี เอ็ม ซี ไบโอเท็ค จำกัด', ' -', ' -'),
(35, 'OMRON  HEM-907 (JAPAN)', '-', '-'),
(36, 'ACC Medical .LTD', '91/236 หมู่บ้านอาร์ เค ออฟฟิศ ปาร์ค ถ.สุขุมวินทวงศ์ แขวงมีนบุรี \r\nเขตมีนบุรี กรุงเทฑ 10510\r\n', '02-108-8836 , Fax 02-108-8837'),
(38, 'มายด์ เมดิคอล แคร์ จำกัด', '183/4 ม.2 อ.ศรีราชา จ.ชลบุรี ', '038775369'),
(39, 'MBD-MEDICAL', '201/6-7 ม.5 ถ.เชียงใหม่-แม่โจ้ ต.ฟ้าฮ่าม อ.เมือง จ.เชียงใหม่ 50000', 'Tel: 063-854860 Fax.053-240642'),
(40, 'โซวิค จำกัด', '448,450ซอยศุภราช ถ.พหลโยธิน แขวงสามแสนใน เขตพญาไท กทม. 10400', '0863845912'),
(41, 'Saint Medical .co.LTD', '36/153-154 ม.8 ซ.พิบูลสงคราม 22   ถ.พิบูลสงคราม ต.บางเขน อ.เมือง จ.นนทบุรี 11000  ', '0-2527-8075-8 , Fax 0-2966-6471');

-- --------------------------------------------------------

--
-- Table structure for table `department`
--

CREATE TABLE `department` (
  `id` varchar(10) NOT NULL COMMENT 'รหัสแผนก',
  `name` varchar(45) DEFAULT NULL COMMENT 'ชื่อแผนก/ฝ่าย'
) ENGINE=InnoDB DEFAULT CHARSET=utf8;

--
-- Dumping data for table `department`
--

INSERT INTO `department` (`id`, `name`) VALUES
('coc', 'COC'),
('dent', 'ทันตกรรม'),
('ER', 'ER'),
('IPD', 'IPD'),
('lab', 'Lab'),
('LR', 'LR'),
('OPD', 'OPD'),
('OR', 'OR'),
('PCU', 'PCU'),
('phy', 'กายภาพบำบัด'),
('thai', 'แพทย์แผนไทย'),
('x-ray', 'x-ray');

-- --------------------------------------------------------

--
-- Table structure for table `fix`
--

CREATE TABLE `fix` (
  `id` int(11) NOT NULL COMMENT 'รหัส',
  `asset_id` varchar(255) NOT NULL COMMENT 'ทะเบียนครุภัณฑ์',
  `error` varchar(255) DEFAULT NULL COMMENT 'อาการ',
  `repair` varchar(255) DEFAULT NULL COMMENT 'การแก้ไข',
  `user_id` varchar(50) DEFAULT NULL COMMENT 'ผู้ส่งซ่อม',
  `create_at` datetime DEFAULT NULL COMMENT 'วันที่ส่ง',
  `update_at` datetime DEFAULT NULL COMMENT 'วันที่แก้ไขล่าสุด',
  `status_check` enum('N','Y') NOT NULL,
  `fix_status_id` varchar(11) NOT NULL COMMENT 'สถานะการดำเนินการ'
) ENGINE=InnoDB DEFAULT CHARSET=utf8 COMMENT='บันทึกการแจ้งซ่อม';

--
-- Dumping data for table `fix`
--

INSERT INTO `fix` (`id`, `asset_id`, `error`, `repair`, `user_id`, `create_at`, `update_at`, `status_check`, `fix_status_id`) VALUES
(23, '7440-001-0001/1', 'ssxxxxxxxx', 'sfsdfsdfsdfsdf', '31', '2019-04-25 20:15:25', NULL, 'N', 'D'),
(24, '6515-071-0001/1', 'zzzzz', 'aaaaaaaaaassssssooo\nsopsdfkjsldkjfsdfsf', '31', '2019-05-01 00:24:36', NULL, 'N', 'E'),
(25, '7440-001-0001/3', 'sss', '', '31', '2019-05-01 00:34:21', NULL, 'N', 'A');

-- --------------------------------------------------------

--
-- Table structure for table `fix_status`
--

CREATE TABLE `fix_status` (
  `status_id` varchar(50) NOT NULL COMMENT 'รหัสสถานะ',
  `span` varchar(100) NOT NULL COMMENT 'สถานะ',
  `status_name` varchar(100) NOT NULL
) ENGINE=InnoDB DEFAULT CHARSET=utf8;

--
-- Dumping data for table `fix_status`
--

INSERT INTO `fix_status` (`status_id`, `span`, `status_name`) VALUES
('A', '<div class=\"state iradio_square-red hover\"></div> ', 'แจ้งซ่่อม'),
('B', '<div class=\"state iradio_square-red checked\"></div>', 'กำลังดำเนินการ'),
('C', '<div class=\"state iradio_square-green checked\"></div> ', 'รออะไหล่'),
('D', '', 'ซ่อมไม่ได้'),
('E', '', 'ซ่อมเสร็จ'),
('F', '', 'ส่งมอบเรียบร้อย');

-- --------------------------------------------------------

--
-- Table structure for table `fsn`
--

CREATE TABLE `fsn` (
  `id` int(11) NOT NULL,
  `group_id` varchar(2) DEFAULT NULL COMMENT 'กลุ่ม',
  `class_id` varchar(4) DEFAULT NULL COMMENT 'ประเภท',
  `type_id` varchar(3) DEFAULT NULL COMMENT 'ชนิด',
  `description` varchar(4) DEFAULT NULL COMMENT 'รายละเอียด',
  `name` varchar(255) DEFAULT NULL COMMENT 'ความหมาย',
  `fsn_number` varchar(50) DEFAULT NULL COMMENT 'หมายเลขที่ได้ '
) ENGINE=InnoDB DEFAULT CHARSET=utf8 COMMENT='Fsn';

--
-- Dumping data for table `fsn`
--

INSERT INTO `fsn` (`id`, `group_id`, `class_id`, `type_id`, `description`, `name`, `fsn_number`) VALUES
(1, '00', '', '', '', 'วัสดุที่ไม่ใช่ครุภัณฑ์', ''),
(2, '00', '0000', '', '', 'วัสดุอื่นๆทั่วไป', ''),
(3, '00', '0001', '', '', 'วัสดุทางการแพทย์', ''),
(4, '00', '0002', '', '', 'วัสดุไฟฟ้า', ''),
(5, '00', '0003', '', '', 'วัสดุประปา', ''),
(6, '00', '0004', '', '', 'วัสดุสุขภัณฑ์', ''),
(7, '00', '0005', '', '', 'วัสดุก่อสร้าง', ''),
(8, '00', '0006', '', '', 'วัสดุสำนักงาน', ''),
(9, '00', '0007', '', '', 'วัสดุอุปกรณ์สื่อสาร', ''),
(10, '10', '1005', '', '', 'ปืนที่มีขนาดถึง 30 มม.', ''),
(11, '10', '1025', '', '', 'ปืนขนาดเกินกว่า 150 ม.ม. ถึง 200 ม.ม.', ''),
(12, '10', '1030', '', '', 'ปืนขนาดเกินกว่า 200 ม.ม. ถึง 300 ม.ม.', ''),
(13, '10', '1035', '', '', 'ปืนใหญ่ขนาดเกินกว่า 300 ม.ม.', ''),
(14, '80', '8001', '', '', 'ถังและกระป๋อง', ''),
(15, '00', '0001', '000', '', 'วัสดุทางการแพทย์อื่นๆ', ''),
(16, '00', '0001', '001', '', 'โฟลมิเตอร์', ''),
(17, '00', '0001', '002', '', 'เรคกูเลเตอร์ แวคคูอัม', ''),
(18, '00', '0001', '003', '', 'หูฟัง', ''),
(19, '00', '0001', '004', '', 'air drill', ''),
(20, '00', '0001', '005', '', 'probe(โพรบต่างๆ)', ''),
(21, '00', '0001', '006', '', 'หัว suction', ''),
(22, '00', '0001', '007', '', 'foot switch', ''),
(23, '00', '0001', '008', '', 'กระเปราะให้ความชื้น', ''),
(24, '00', '0001', '009', '', 'สายเคเบิ้ล', ''),
(25, '00', '0001', '010', '', 'เอาท์เล็ต', ''),
(26, '00', '0001', '013', '', 'รถเข็นเครื่องมือแพทย์', ''),
(27, '00', '0001', '014', '', 'เครื่องสำรองไฟฟ้า(ups)/สเตบิไลเซอร์(stabilizer)', ''),
(28, '00', '0002', '001', '', 'หลอดไฟฟ้า', ''),
(29, '00', '0002', '002', '', 'สายไฟฟ้า', ''),
(30, '00', '0002', '003', '', 'ปลั๊กไฟฟ้า', ''),
(31, '00', '0002', '004', '', 'สวิทช์ไฟฟ้า/circiut breaker', ''),
(32, '00', '0002', '005', '', 'แบตเตอรี่', ''),
(33, '00', '0003', '001', '', 'ก๊อกน้ำ/ประตูน้ำ/วาล์วน้ำ', ''),
(34, '00', '0003', '002', '', 'ท่อ pvc', ''),
(35, '00', '0003', '003', '', 'ท่อแป๊ป', ''),
(36, '00', '0004', '001', '', 'โถส้วม/โถปัสสาวะ', ''),
(37, '00', '0004', '002', '', 'อ่างน้ำ/ซิ้งค์น้ำ', ''),
(38, '00', '0004', '003', '', 'สายฉีดชำระ/สายยาง/สายน้ำดี', ''),
(39, '00', '0004', '004', '', 'วาล์วน้ำ/ประตูน้ำ/ก้อกน้ำ', ''),
(40, '00', '0004', '005', '', 'กระจกเงา', ''),
(41, '00', '0005', '000', '', 'วัสดุก่อสร้างทั่วไป', ''),
(42, '00', '0005', '001', '', 'หลังคา เพดาน', ''),
(43, '00', '0005', '002', '', 'ประตู หน้าต่าง', ''),
(44, '00', '0005', '003', '', 'โครงสร้างอาคาร ผนัง พื้น', ''),
(45, '00', '0005', '004', '', 'อุปกรณ์เฟอร์นิเจอร์', ''),
(46, '00', '0006', '001', '', 'รถเข็น', ''),
(47, '00', '0006', '002', '', 'เครื่องคิดเลข', ''),
(48, '00', '0007', '001', '', 'วิทยุสื่อสาร', ''),
(49, '00', '0007', '002', '', 'โทรศัพท์', ''),
(50, '00', '0007', '003', '', 'อุปกรณ์สัญญานโทรทัศน์', ''),
(51, '10', '1000', '-00', '', 'บ้านพัก', ''),
(52, '10', '1000', '001', '', 'อาคารรักษาพยาบาล', ''),
(53, '10', '1000', '002', '', 'ระบบสาธารณูปโภค', ''),
(54, '10', '1000', '003', '', 'อาคารสนับสนุนบริการ', ''),
(55, '10', '1000', '004', '', 'อาคารพักอาศัย', ''),
(56, '23', '2310', '-00', '', 'รถโดยสารตู้', ''),
(57, '23', '2310', '001', '', 'รถพยาบาล', ''),
(58, '23', '2310', '002', '', 'รถยนต์นั่งเก๋ง', ''),
(59, '23', '2310', '003', '', 'รถโดยสาร', ''),
(60, '23', '2310', '004', '', 'รถโดยสารตู้', ''),
(61, '23', '2320', '006', '', 'รถยนต์จิ๊ป', ''),
(62, '23', '2320', '008', '', 'รถบรรทุก (กระบะสำเร็จรูป, รถกะบะบรรทุกโดยสาร, รถปิคอัพ)', ''),
(63, '23', '2340', '001', '', 'รถจักรยานสองล้อ', ''),
(64, '23', '2340', '003', '', 'รถจักรยานยนต์', ''),
(65, '25', '2525', '007', '', 'เครื่องประกอบการถ่ายเอกซเรย์', ''),
(66, '34', '3405', '003', '', 'เครื่องตัดเหล็กไฟฟ้า', ''),
(67, '34', '3415', '-00', '', 'เครื่องเจียร', ''),
(68, '34', '3415', '001', '', 'เครื่องเจียร', ''),
(69, '34', '3419', '006', '', 'เครื่องขัดพื้น', ''),
(70, '34', '3445', '-00', '', 'เครื่องตัดเหล็กไฟเบอร์', ''),
(71, '34', '3445', '002', '', 'เครื่องตัดเหล็กไฟเบอร์', ''),
(72, '35', '3510', '003', '', 'เครื่องซักและสลัดผ้า', ''),
(73, '35', '3510', '005', '', 'เครื่องรีดผ้า', ''),
(74, '35', '3510', '009', '', 'ถังน้ำ', ''),
(75, '37', '3750', '-00', '', 'เครื่องตัดหญ้า', ''),
(76, '37', '3750', '002', '', 'เครื่องตัดหญ้า', ''),
(77, '39', '3920', '001', '', 'รถเข็นของทั่วไป', ''),
(78, '39', '3920', '005', '', 'รถเข็นแจกอาหารสเตนเลส', ''),
(79, '39', '3920', '007', '', 'รถเข็นยกของ', ''),
(80, '39', '3920', '008', '', 'รถเข็นแฟ้มข้อมูล', ''),
(81, '39', '3920', '009', '', 'รถเข็นปูน', ''),
(82, '39', '3930', '001', '', 'รถยก', ''),
(83, '41', '4110', '001', '', 'ตู้เย็น', ''),
(84, '41', '4110', '002', '', 'เครื่องทำน้ำเย็น', ''),
(85, '41', '4110', '007', '', 'ตู้แช่ (ตู้เก็บอาหารแช่แข็ง)', ''),
(86, '41', '4120', '001', '', 'เครื่องปรับอากาศแบบแยกส่วน', ''),
(87, '41', '4120', '002', '', 'เครื่องปรับอากศแบบหน้าต่าง', ''),
(88, '41', '4120', '003', '', 'เครื่องปรับอากาศแบบท่อ', ''),
(89, '41', '4120', '004', '', 'เครื่องปรับอากาศแบบ chiller', ''),
(90, '41', '4140', '001', '', 'พัดลม', ''),
(91, '41', '4140', '002', '', 'พัดลมดูดอากาศ', ''),
(92, '41', '4140', '003', '', 'พัดลมไอน้ำ', ''),
(93, '43', '4320', '-00', '', 'ปั้มลม', ''),
(94, '43', '4320', '002', '', 'ปั้มลม', ''),
(95, '43', '4330', '-00', '', 'เครื่องปั๊มน้ำสเตนแลส', ''),
(96, '43', '4330', '001', '', 'เครื่องสูบน้ำแบบหอยโข่ง', ''),
(97, '43', '4330', '005', '', 'เครื่องสูบน้ำแบบ submulisble', ''),
(98, '43', '4330', '006', '', 'เครื่องปั้มน้ำ', ''),
(99, '45', '4520', '-00', '', 'หม้อต้มไอน้ำ (เครื่องกำเนิดไอน้ำ)', ''),
(100, '45', '4520', '001', '', 'เครื่องทำน้ำร้อน', ''),
(101, '45', '4520', '002', '', 'หม้อต้มไอน้ำ (เครื่องกำเนิดไอน้ำ)', ''),
(102, '46', '4610', '-00', '', 'เครื่องกรองน้ำ', ''),
(103, '46', '4610', '007', '', 'เครื่องกรองน้ำ', ''),
(104, '46', '4630', '-00', '', 'เครื่องยิงท่อ', ''),
(105, '46', '4630', '005', '', 'เครื่องยิงท่อ', ''),
(106, '51', '5130', '-00', '', 'สว่านไฟฟ้า', ''),
(107, '51', '5130', '007', '', 'สว่าน', ''),
(108, '56', '5615', '008', '', 'อาคารสำนักงาน', ''),
(109, '58', '5802', '006', '', 'multiband', ''),
(110, '58', '5805', '001', '', 'เครื่องโทรศัพท์ชนิดต่าง ๆ', ''),
(111, '58', '5805', '002', '', 'ตู้ควบคุมโทรศัพท์', ''),
(112, '58', '5805', '009', '', 'ชุมสายโทรศัพท์', ''),
(113, '58', '5815', '001', '', 'เครื่องโทรสาร', ''),
(114, '58', '5820', '001', '', 'เครื่องโทรศัพท์', ''),
(115, '58', '5820', '005', '', 'จอแสดงภาพหลัก', ''),
(116, '58', '5820', '006', '', 'อุปกรณ์ video codec', ''),
(117, '58', '5835', '-00', '', 'เครื่องบันทึกเสียง', ''),
(118, '58', '5835', '001', '', 'เครื่องขยายเสียงพร้อมโมโครโฟน', ''),
(119, '58', '5835', '006', '', 'เครื่องบันทึกเสียง', ''),
(120, '58', '5896', '002', '', 'อุปกรณ์รับส่งสัญญาณ', ''),
(121, '59', '5965', '-00', '', 'ขาไมโครโฟน', ''),
(122, '59', '5965', '001', '', 'ไมโครโฟนไร้สายแบบเหน็บเสื้อ', ''),
(123, '59', '5965', '002', '', 'ลำโพง', ''),
(124, '59', '5965', '005', '', 'ขาไมโครโฟน', ''),
(125, '61', '6115', '-00', '', 'เครื่องกำเนิดไฟฟ้า', ''),
(126, '61', '6115', '001', '', 'เครื่องกำเนิดไฟฟ้า', ''),
(127, '62', '6230', '005', '', 'ไฟชนิดขาตั้ง', ''),
(128, '65', '6515', '001', '', 'เครื่องให้ยาสลบ', ''),
(129, '65', '6515', '002', '', 'เครื่องให้เลือด', ''),
(130, '65', '6515', '003', '', 'เครื่องให้ออกซิเจน', ''),
(131, '65', '6515', '004', '', 'เครื่องตรวจสเปคตรัม', ''),
(132, '65', '6515', '005', '', 'เครื่องนับเม็ดเลือด', ''),
(133, '65', '6515', '006', '', 'เครื่องปั่นแยกเม็ดโลหิต', ''),
(134, '65', '6515', '007', '', 'เครื่องตรวจการแข็งตัวของเลือด', ''),
(135, '65', '6520', '-00', '', 'เครื่องฉายแสงอุดฟัน', ''),
(136, '65', '6520', '001', '', 'เครื่องกรอฟัน', ''),
(137, '65', '6520', '002', '', 'เครื่องล้างฟิล์ม', ''),
(138, '65', '6520', '004', '', 'เครื่องขูดหินปูนไฟฟ้า', ''),
(139, '65', '6520', '007', '', 'ยูนิตทำฟัน', ''),
(140, '65', '6520', '008', '', 'เครื่องอัดอากาศ', ''),
(141, '65', '6520', '009', '', 'เครื่องฉายแสงอุดฟัน', ''),
(142, '65', '6525', '-00', '', 'เครื่องตรวจด้วยคลื่นเสียงความถี่สูง', ''),
(143, '65', '6525', '002', '', 'เครื่องใช้ทุกชนิดที่เกี่ยวกับฟิล์มเอกซเรย์', ''),
(144, '65', '6525', '003', '', 'เครื่องอ่านฟิล์มเอกซเรย์', ''),
(145, '65', '6525', '004', '', 'เครื่องเอกซเรย์', ''),
(146, '65', '6525', '005', '', 'เครื่องเอกซเรย์พิเศษเฉพาะอย่าง', ''),
(147, '65', '6525', '006', '', 'เครื่องเอกซเรย์คอมพิวเตอร์', ''),
(148, '65', '6525', '007', '', 'เครื่องประกอบการถ่ายเอกซเรย์', ''),
(149, '65', '6525', '008', '', 'เครื่องตรวจด้วยคลื่นเสียงความถี่สูง', ''),
(150, '65', '6525', '009', '', 'เครื่องตรวจคลื่นด้วยแม่เหล็กไฟฟ้า', ''),
(151, '65', '6530', '-00', '', 'เครื่องชั่ง', ''),
(152, '65', '6530', '001', '', 'เตียงทางการแพทย์', ''),
(153, '65', '6530', '003', '', 'เครื่องนึ่ง/อบฆ่าเชื้อจุลินทรีย์', ''),
(154, '65', '6530', '004', '', 'อุปกรณ์ที่ใช้ในทางกายภาพบำบัด', ''),
(155, '65', '6530', '005', '', 'โคมไฟผ่าตัด', ''),
(156, '65', '6530', '008', '', 'เครื่องชั่ง', ''),
(157, '66', '6645', '006', '', 'นาฬิกาฝาผนัง', ''),
(158, '66', '6645', '008', '', 'นาฬิกาจับเวลาต่าง ๆ', ''),
(159, '66', '6650', '-00', '', 'กล้องจุลทรรศน์สำหรับตรวจ', ''),
(160, '66', '6650', '002', '', 'กล้องจุลทรรศน์สำหรับตรวจ', ''),
(161, '66', '6670', '-00', '', 'เครื่องชั่งน้ำหนักเด็ก', ''),
(162, '66', '6670', '002', '', 'เครื่องชั่งน้ำหนักเด็ก', ''),
(163, '67', '6710', '-00', '', 'กล้องถ่ายวีดีโอ', ''),
(164, '67', '6710', '004', '', 'กล้องถ่ายวีดีโอ', ''),
(165, '67', '6720', '005', '', 'กล้องถ่ายรูป', ''),
(166, '67', '6720', '006', '', 'เครื่องพิมพ์ภาพถ่ายระบบดิจิตอล', ''),
(167, '67', '6720', '008', '', 'กล้องถ่ายเอกสาร', ''),
(168, '67', '6730', '002', '', 'จอรับภาพ', ''),
(169, '67', '6730', '003', '', 'เครื่องฉายภาพยนตร์', ''),
(170, '67', '6730', '004', '', 'เครื่องฉายสไลด์', ''),
(171, '67', '6730', '006', '', 'เครื่องเล่นเทป cd', ''),
(172, '67', '6730', '008', '', 'เครื่องฉายฟิลม์สคริป', ''),
(173, '67', '6730', '009', '', 'เครื่องฉายฟิล์มลูป', ''),
(174, '67', '6760', '002', '', 'ขาตั้งกล้องถ่ายรูป', ''),
(175, '67', '6760', '008', '', 'ไฟแวบ', ''),
(176, '71', '7110', '001', '', 'ตู้เก็บหนังสือ เอกสาร', ''),
(177, '71', '7110', '002', '', 'ตู้เก็บเอกสาร แบบฟอร์มเป็นลิ้นชัก', ''),
(178, '71', '7110', '003', '', 'ตู้เก็บบัตร', ''),
(179, '71', '7110', '004', '', 'ตู้นิรภัย', ''),
(180, '71', '7110', '005', '', 'กระดานดำ', ''),
(181, '71', '7110', '006', '', 'เก้าอี้ชนิดต่าง ๆ', ''),
(182, '71', '7110', '007', '', 'โต๊ะชนิดต่าง ๆ', ''),
(183, '71', '7125', '-00', '', 'ตู้ช่องเก็บของ', ''),
(184, '71', '7125', '001', '', 'ตู้ช่องเก็บของ', ''),
(185, '71', '7195', '-00', '', 'ตู้แสดง ตู้โชว์', ''),
(186, '71', '7195', '001', '', 'กระดานประกาศแจ้งความ', ''),
(187, '71', '7195', '002', '', 'กระดานการจาก(แสดงการอยู่', ''),
(188, '71', '7195', '004', '', 'เคาน์เตอร์', ''),
(189, '71', '7195', '006', '', 'ที่วางหนังสือพิมพ์', ''),
(190, '71', '7195', '008', '', 'ตู้แสดง ตู้โชว์', ''),
(191, '72', '7230', '-00', '', 'ผ้าม่าน', ''),
(192, '72', '7230', '001', '', 'ผ้าม่าน', ''),
(193, '72', '7240', '-00', '', 'ถังบีบม๊อบ', ''),
(194, '72', '7240', '004', '', 'ถังบีบม๊อบ', ''),
(195, '72', '7290', '-00', '', 'จักรเย็บผ้า', ''),
(196, '72', '7290', '003', '', 'จักรเย็บผ้า', ''),
(197, '73', '7310', '-00', '', 'เตา', ''),
(198, '73', '7310', '006', '', 'รถเข็นบริการอาหาร', ''),
(199, '73', '7310', '008', '', 'หม้อต้มกาแฟ', ''),
(200, '73', '7310', '009', '', 'เตา', ''),
(201, '73', '7320', '-00', '', 'ตู้เก็บเครื่องใช้ในครัว', ''),
(202, '73', '7320', '006', '', 'ตู้เก็บเครื่องใช้ในครัว', ''),
(203, '73', '7330', '-00', '', 'เครื่องบดอาหาร', ''),
(204, '73', '7330', '001', '', 'หม้อหุงข้าว', ''),
(205, '73', '7330', '005', '', 'เครื่องบดอาหาร', ''),
(206, '74', '7420', '-00', '', 'เครื่องรับเงินสด', ''),
(207, '74', '7420', '001', '', 'เครื่องคำนวณเลข', ''),
(208, '74', '7420', '002', '', 'เครื่องรับเงินสด', ''),
(209, '74', '7430', '-00', '', 'เครื่องทำลายเอกสาร', ''),
(210, '74', '7430', '001', '', 'เครื่องพิมพ์ดีดไฟฟ้า', ''),
(211, '74', '7430', '003', '', 'เครื่องถ่ายเอกสาร', ''),
(212, '74', '7430', '004', '', 'เครื่องโรเนียว (เครื่องอัดสำเนา)', ''),
(213, '74', '7430', '007', '', 'เครื่องปรุกระดาษไข', ''),
(214, '74', '7430', '008', '', 'เครื่องพิมพ์สำเนาอัตโนมัติ', ''),
(215, '74', '7430', '009', '', 'เครื่องทำลายเอกสาร', ''),
(216, '74', '7440', '001', '', 'เครื่องไมโครคอมพิวเตอร์', ''),
(217, '74', '7440', '002', '', 'เครื่อง macintosh', ''),
(218, '74', '7440', '003', '', 'เครื่องไมโครคอมพิวเตอร์กระเป๋าหิ้ว', ''),
(219, '74', '7440', '004', '', 'เครื่องไมโครคอมพิวเตอร์ระบบแพทย์ทางไกล', ''),
(220, '74', '7440', '005', '', 'เครื่องคอมพิวเตอร์แม่ข่าย', ''),
(221, '74', '7441', '-00', '', 'เครื่องจัดเก็บเอกสารอิเล็กทรอนิกส์', ''),
(222, '74', '7441', '001', '', 'เครื่องพิมพ์คอมพิวเตอร์ laser', ''),
(223, '74', '7441', '002', '', 'เครื่องอ่านบาร์โค๊ต', ''),
(224, '74', '7441', '003', '', 'เครื่องจัดเก็บเอกสารอิเล็กทรอนิกส์', ''),
(225, '74', '7450', '-00', '', 'เครื่องวีดีโอ', ''),
(226, '74', '7450', '003', '', 'อุปกรณ์และส่วนประกอบเครื่องบันทึกเสียงและอัดเสียง', ''),
(227, '74', '7450', '007', '', 'เครื่องวีดีโอ', ''),
(228, '74', '7490', '-00', '', 'เครื่องปรุอักษร', ''),
(229, '74', '7490', '001', '', 'เครื่องปรุอักษร', ''),
(230, '75', '7520', '-00', '', 'เครื่องยิงสติกเกอร์', ''),
(231, '75', '7520', '005', '', 'เครื่องติดสติกเกอร์', ''),
(232, '75', '7520', '007', '', 'เครื่องยิงสติกเกอร์', ''),
(233, '77', '7730', '-00', '', 'เครื่องรับโทรทัศน์', ''),
(234, '77', '7730', '002', '', 'เครื่องรับวิทยุ', ''),
(235, '77', '7730', '003', '', 'เครื่องรับโทรทัศน์', ''),
(236, '77', '7730', '006', '', 'video cassette recorder', ''),
(237, '79', '7910', '-00', '', 'เครื่องดูดฝุ่น', ''),
(238, '79', '7910', '001', '', 'เครื่องขัดพื้น', ''),
(239, '79', '7910', '003', '', 'เครื่องดูดฝุ่น', ''),
(240, '99', '9925', '-00', '', 'โต๊ะหมู่บูชา', ''),
(241, '99', '9925', '009', '', 'โต๊ะหมู่บูชา', ''),
(242, '00', '0001', '001', '0001', 'เกย์ออกซิเจนชนิดติดหัวถัง', '0001-001-0001'),
(243, '00', '0001', '001', '0002', 'เกย์ออกซิเจนชนิดติดไปป์ไลน์', '0001-001-0002'),
(244, '00', '0001', '002', '0001', 'เรคกูเลเตอร์ vacuum', '0001-002-0001'),
(245, '00', '0001', '003', '0001', 'หูฟังผู้ใหญ่', '0001-003-0001'),
(246, '00', '0001', '003', '0002', 'หูฟังเด็กโต', '0001-003-0002'),
(247, '00', '0001', '003', '0003', 'หูฟังเด็กเล็ก', '0001-003-0003'),
(248, '00', '0001', '004', '0001', 'สาย small air drill [ชุด]', '0001-004-0001'),
(249, '00', '0001', '004', '0002', 'หัว small air drill [ชุด]', '0001-004-0002'),
(250, '00', '0001', '004', '0003', 'สาย mini compress air drill [ชุด]', '0001-004-0003'),
(251, '00', '0001', '004', '0004', 'หัว mini compress air drill [ชุด]', '0001-004-0004'),
(252, '00', '0001', '004', '0005', 'หัว compact air drill [ชุด]', '0001-004-0005'),
(253, '00', '0001', '004', '0006', 'สาย compact air drill [ชุด]', '0001-004-0006'),
(254, '00', '0001', '004', '0007', 'bone saw [ชุด]', '0001-004-0007'),
(255, '00', '0001', '004', '0008', 'สาย single air hose', '0001-004-0008'),
(256, '00', '0001', '004', '0009', 'เกย์เครื่องกำเนิดพลังลม', '0001-004-0009'),
(257, '00', '0001', '005', '0001', 'โพรบเครื่องดอปเปลอร์ [ชุด]', '0001-005-0001'),
(258, '00', '0001', '005', '0002', 'โพรบ o2 sat', '0001-005-0002'),
(259, '00', '0001', '005', '0003', 'โพรบเครื่องตัดจี้', '0001-005-0003'),
(260, '00', '0001', '006', '0001', 'หัวซัคชั่น [ชุด]', '0001-006-0001'),
(261, '00', '0001', '007', '0001', 'foot switch', '0001-007-0001'),
(262, '00', '0001', '008', '0001', 'กระเปราะให้ความชื้ [ชุด]', '0001-008-0001'),
(263, '00', '0001', '009', '0000', 'สายเคเบิ้ล', '0001-009-0000'),
(264, '00', '0001', '009', '0001', 'สายเคเบิ้ล lead ekg [ชุด]', '0001-009-0001'),
(265, '00', '0001', '009', '0002', 'สายเคเบิ้ล o2 sat [ชุด]', '0001-009-0002'),
(266, '00', '0001', '010', '0001', 'เอาท์เล็ท ออกซิเจน', '0001-010-0001'),
(267, '00', '0001', '010', '0002', 'เอาท์เล็ท แอร์', '0001-010-0002'),
(268, '00', '0001', '010', '0003', 'เอาท์เล็ท แวคคูอัม', '0001-010-0003'),
(269, '00', '0001', '011', '0000', 'เอาท์เล็ท แวคคูอัม', '0001-011-0000'),
(270, '00', '0001', '011', '0001', 'หน้ากาก เอาท์เล็ท แวคคูอัม [อัน]', '0001-011-0001'),
(271, '00', '0001', '011', '0002', 'o-ring เบอร์ 5 [อัน]', '0001-011-0002'),
(272, '00', '0001', '011', '0003', 'o-ring เบอร์ 16 [อัน]', '0001-011-0003'),
(273, '00', '0001', '011', '0004', 'rubber bushing [อัน]', '0001-011-0004'),
(274, '00', '0001', '011', '0005', 'สปริง', '0001-011-0005'),
(275, '00', '0001', '012', '0000', 'เอาท์เล็ต เมดิคอล แอร์', '0001-012-0000'),
(276, '00', '0001', '012', '0001', 'หน้ากาก เอาท์เล็ต เมดิคอล แอร์ [อัน]', '0001-012-0001'),
(277, '00', '0001', '012', '0002', 'o-ring เบอร์ 5 [อัน]', '0001-012-0002'),
(278, '00', '0001', '012', '0003', 'o-ring เบอร์ 16 [อัน]', '0001-012-0003'),
(279, '00', '0001', '012', '0004', 'rubber bushing [อัน]', '0001-012-0004'),
(280, '00', '0001', '012', '0005', 'สปริง [อัน]', '0001-012-0005'),
(281, '00', '0001', '013', '0001', 'รถเข็นเครื่องมือแพทย์', '0001-013-0001'),
(282, '00', '0001', '014', '0001', 'เครื่องสำรองไฟฟ้า(ups)', '0001-014-0001'),
(283, '00', '0001', '014', '0002', 'สเตบิไลเซอร์(stabilizer)', '0001-014-0002'),
(284, '00', '0001', '014', '0003', 'ups & stabilizer', '0001-014-0003'),
(285, '00', '0002', '001', '0000', 'หลอดไฟฟ้า [หลอด]', '0002-001-0000'),
(286, '00', '0002', '001', '0001', 'หลอดไฟฟ้า fl36w dayligth [หลอด]', '0002-001-0001'),
(287, '00', '0002', '001', '0002', 'หลอดไฟฟ้า fl36w coolwhite [หลอด]', '0002-001-0002'),
(288, '00', '0002', '001', '0003', 'หลอดไฟฟ้า fl18w dayligth [หลอด]', '0002-001-0003'),
(289, '00', '0002', '001', '0004', 'หลอดไฟฟ้า fl18w coolwhite [หลอด]', '0002-001-0004'),
(290, '00', '0002', '001', '0005', 'หลอดไฟฟ้า fl15w dayligth [หลอด]', '0002-001-0005'),
(291, '00', '0002', '001', '0006', 'หลอดไฟฟ้า fl10w dayligth [หลอด]', '0002-001-0006'),
(292, '00', '0002', '001', '0007', 'หลอดไฟฟ้า fl32w dayligth [หลอด]', '0002-001-0007'),
(293, '00', '0002', '001', '0008', 'หลอดประหยัดไฟ 11w  [หลอด]', '0002-001-0008'),
(294, '00', '0002', '001', '0009', 'หลอดประหยัดไฟ 14w  [หลอด]', '0002-001-0009'),
(295, '00', '0002', '001', '0010', 'หลอดไส้ขั้วเกลียว 60w  [หลอด]', '0002-001-0010'),
(296, '00', '0002', '001', '0011', 'หลอดไส้ขั้วเกลียว 40w  [หลอด]', '0002-001-0011'),
(297, '00', '0002', '001', '0012', 'หลอดไส้ขั้วเขี้ยว 40w  [หลอด]', '0002-001-0012'),
(298, '00', '0002', '001', '0013', 'หลอดไส้ขั้วเขี้ยว 60w [หลอด]', '0002-001-0013'),
(299, '00', '0002', '001', '0014', 'หลอดฟูออร์เรสเซนต์ชุดสำเร็จ 36w  [หลอด]', '0002-001-0014'),
(300, '00', '0002', '001', '0015', 'หลอดฟูออร์เรสเซนต์ชุดสำเร็จ 18w  [หลอด]', '0002-001-0015'),
(301, '00', '0002', '001', '0016', 'สตาร์ทเตอร์ s10-p [ตัว]', '0002-001-0016'),
(302, '00', '0002', '001', '0017', 'สตาร์ทเตอร์  [อัน]', '0002-001-0017'),
(303, '00', '0002', '001', '0018', 'บัลลาสต์ 36w [ตัว]', '0002-001-0018'),
(304, '00', '0002', '001', '0019', 'บัลลาสต์ 18w [ตัว]', '0002-001-0019'),
(305, '00', '0002', '001', '0020', 'บัลลาสต์ 15w [ตัว]', '0002-001-0020'),
(306, '00', '0002', '001', '0021', 'บัลลาสต์ 10w [ตัว]', '0002-001-0021'),
(307, '00', '0002', '002', '0000', 'สายไฟฟ้า [เมตร]', '0002-002-0000'),
(308, '00', '0002', '002', '0001', 'สายไฟฟ้า 2x1.5 ตร.มม.vaf [เมตร]', '0002-002-0001'),
(309, '00', '0002', '002', '0002', 'สายไฟฟ้า 2x2.5 ตร.มม.vaf [เมตร]', '0002-002-0002'),
(310, '00', '0002', '002', '0003', 'สายไฟฟ้า 2x 4 ตร.มม.vaf [เมตร]', '0002-002-0003'),
(311, '00', '0002', '002', '0004', 'สายไฟฟ้า 2x6 ตร.มม.vaf [เมตร]', '0002-002-0004'),
(312, '00', '0002', '002', '0005', 'สายไฟฟ้า 2x10 ตร.มม.vaf [เมตร]', '0002-002-0005'),
(313, '00', '0002', '002', '0006', 'สายไฟฟ้า 2x1.5/1.0 ตร.มม.vaf-grd [เมตร]', '0002-002-0006'),
(314, '00', '0002', '002', '0007', 'สายไฟฟ้า 2x2.5/1.5 ตร.มม.vaf-grd [เมตร]', '0002-002-0007'),
(315, '00', '0002', '002', '0008', 'สายไฟฟ้า 2x4/2.5 ตร.มม.vaf-grd [เมตร]', '0002-002-0008'),
(316, '00', '0002', '002', '0009', 'สายไฟฟ้า 3x1.5ตร.มม.vct [เมตร]', '0002-002-0009'),
(317, '00', '0002', '002', '0010', 'สายไฟฟ้า 3x2.5ตร.มม.vct [เมตร]', '0002-002-0010'),
(318, '00', '0002', '002', '0011', 'สายไฟฟ้า 3x4 ตร.มม.vct [เมตร]', '0002-002-0011'),
(319, '00', '0002', '003', '0000', 'ปลั๊กไฟฟ้า [ตัว]', '0002-003-0000'),
(320, '00', '0002', '003', '0001', 'ปลั๊กไฟฟ้าตัวผู้ ไม่มีกราวด์ [ตัว]', '0002-003-0001'),
(321, '00', '0002', '003', '0002', 'ปลั๊กไฟฟ้าตัวผู้ มีกราวด์ [ตัว]', '0002-003-0002'),
(322, '00', '0002', '003', '0003', 'ปลั๊กไฟฟ้าเมจิก มีกราวด์ [ตัว]', '0002-003-0003'),
(323, '00', '0002', '003', '0004', 'ปลั๊กไฟฟ้าเมจิก ไม่มีกราวด์ [ตัว]', '0002-003-0004'),
(324, '00', '0002', '003', '0007', 'บล๊อกลอย 2x4 [อัน]', '0002-003-0007'),
(325, '00', '0002', '003', '0008', 'บล๊อกลอย 4x4 [อัน]', '0002-003-0008'),
(326, '00', '0002', '003', '0009', 'หน้ากาก 1 ช่อง [อัน]', '0002-003-0009'),
(327, '00', '0002', '003', '0010', 'หน้ากาก 2 ช่อง [อัน]', '0002-003-0010'),
(328, '00', '0002', '003', '0011', 'หน้ากาก 3 ช่อง [อัน]', '0002-003-0011'),
(329, '00', '0002', '003', '0012', 'หน้ากาก 4 ช่อง [อัน]', '0002-003-0012'),
(330, '00', '0002', '003', '0013', 'หน้ากาก 6 ช่อง [อัน]', '0002-003-0013'),
(331, '00', '0002', '004', '0000', 'สวิทช์ไฟฟ้า [ตัว]', '0002-004-0000'),
(332, '00', '0002', '004', '0001', 'สวิทช์เมจิก [ตัว]', '0002-004-0001'),
(333, '00', '0002', '004', '0002', 'สวิทช์ตู้ดูฟิล์มเอ็กซเรย์', '0002-004-0002'),
(334, '00', '0002', '004', '0003', 'circiut breaker 16a', '0002-004-0003'),
(335, '00', '0002', '004', '0004', 'circiut breaker 20a', '0002-004-0004'),
(336, '00', '0002', '004', '0005', 'circiut breaker 32a', '0002-004-0005'),
(337, '00', '0002', '004', '0006', 'circiut breaker 60a', '0002-004-0006'),
(338, '00', '0002', '004', '0007', 'circiut breaker 100a', '0002-004-0007'),
(339, '00', '0002', '004', '0008', 'แม็กเนติก', '0002-004-0008'),
(340, '00', '0002', '005', '0001', 'แบตเตอรี่แห้ง [ก้อน]', '0002-005-0001'),
(341, '00', '0002', '005', '0002', 'แบตเตอรี่ [ลูก]', '0002-005-0002'),
(342, '00', '0002', '005', '0003', 'ถ่านไฟฉาย [ก้อน]', '0002-005-0003'),
(343, '00', '0003', '001', '0001', 'ก๊อกน้ำ', '0003-001-0001'),
(344, '00', '0003', '001', '0002', 'วาล์ว/ประตูน้ำ', '0003-001-0002'),
(345, '00', '0003', '002', '0001', 'ท่อ pvc', '0003-002-0001'),
(346, '00', '0003', '003', '0001', 'ท่อแป๊ป', '0003-003-0001'),
(347, '00', '0004', '001', '0001', 'โถส้วมราดน้ำ', '0004-001-0001'),
(348, '00', '0004', '001', '0002', 'โถส้วมชักโครก', '0004-001-0002'),
(349, '00', '0004', '002', '0001', 'อ่างล้างล้างมือ', '0004-002-0001'),
(350, '00', '0004', '002', '0002', 'อ่างล้างหน้า', '0004-002-0002'),
(351, '00', '0004', '002', '0003', 'อ่างล้างเครื่องมือแพทย์', '0004-002-0003'),
(352, '00', '0004', '002', '0004', 'อ่างล้างชักโครกล้างของเสีย', '0004-002-0004'),
(353, '00', '0004', '003', '0001', 'สายฉีดชำระ', '0004-003-0001'),
(354, '00', '0004', '003', '0002', 'สายน้ำดี', '0004-003-0002'),
(355, '00', '0004', '003', '0003', 'สายยางถังชักโครก', '0004-003-0003'),
(356, '00', '0004', '003', '0004', 'สายฝักบัว', '0004-003-0004'),
(357, '00', '0004', '004', '0001', 'ก็อกน้ำ', '0004-004-0001'),
(358, '00', '0004', '004', '0002', 'วาล์วน้ำ/ประตูน้ำ', '0004-004-0002'),
(359, '00', '0004', '005', '0001', 'กระจกเงา', '0004-005-0001'),
(360, '00', '0005', '001', '0001', 'หลังคากระเบื้อง', '0005-001-0001'),
(361, '00', '0005', '001', '0002', 'หลังคากระเบื้องลอนคู่/แผ่นใส', '0005-001-0002'),
(362, '00', '0005', '001', '0003', 'หลังคากระเบื้องลอนเล็ก', '0005-001-0003'),
(363, '00', '0005', '001', '0004', 'หลังคาสังกะสี', '0005-001-0004'),
(364, '00', '0005', '001', '0005', 'หลังคาสังกะสีแผ่นใส', '0005-001-0005'),
(365, '00', '0005', '001', '0007', 'เพดานกระเบื้องแผ่นเรียบ', '0005-001-0007'),
(366, '00', '0005', '001', '0008', 'เพดานทีบาร์', '0005-001-0008'),
(367, '00', '0005', '001', '0009', 'เพดานฝ้าเรียบ', '0005-001-0009'),
(368, '00', '0005', '001', '0010', 'เพดานยิบซั่มบอร์ด', '0005-001-0010'),
(369, '00', '0005', '002', '0001', 'ประตูไม้', '0005-002-0001'),
(370, '00', '0005', '002', '0002', 'ประตูไม้อัด', '0005-002-0002'),
(371, '00', '0005', '002', '0003', 'ประตูไม้สัก', '0005-002-0003'),
(372, '00', '0005', '002', '0004', 'ประตูเหล็ก', '0005-002-0004'),
(373, '00', '0005', '002', '0005', 'ประตู pvc', '0005-002-0005'),
(374, '00', '0005', '002', '0006', 'ประตูกระจกบานสวิง', '0005-002-0006'),
(375, '00', '0005', '002', '0007', 'ประตูกระจกบานเลื่อน', '0005-002-0007'),
(376, '00', '0005', '002', '0008', 'หน้าต่างบานไม้', '0005-002-0008'),
(377, '00', '0005', '002', '0009', 'หน้าต่างบานไม้สัก', '0005-002-0009'),
(378, '00', '0005', '002', '0010', 'หน้าต่างบานกระจก', '0005-002-0010'),
(379, '00', '0005', '002', '0011', 'หน้าต่างบานเลื่อนกระจก', '0005-002-0011'),
(380, '00', '0005', '002', '0012', 'หน้าต่างบานเกล็ด', '0005-002-0012'),
(381, '00', '0005', '003', '0001', 'ผนังไม้', '0005-003-0001'),
(382, '00', '0005', '003', '0002', 'ผนังคอนกรีต', '0005-003-0002'),
(383, '00', '0005', '003', '0003', 'พื้นไม้', '0005-003-0003'),
(384, '00', '0005', '003', '0004', 'พื้นคอนกรีต', '0005-003-0004'),
(385, '00', '0005', '003', '0005', 'โครงสร้างเหล็ก', '0005-003-0005'),
(386, '00', '0005', '003', '0006', 'คานไม้', '0005-003-0006'),
(387, '00', '0005', '003', '0007', 'คานคอนกรีต', '0005-003-0007'),
(388, '00', '0005', '003', '0008', 'คานเหล็ก', '0005-003-0008'),
(389, '00', '0005', '003', '0009', 'เสาไม้', '0005-003-0009'),
(390, '00', '0005', '003', '0010', 'เสาคอนกรีต', '0005-003-0010'),
(391, '00', '0005', '003', '0011', 'เสาเหล็ก', '0005-003-0011'),
(392, '00', '0005', '004', '0001', 'ลูกบิดประตู', '0005-004-0001'),
(393, '00', '0005', '004', '0002', 'กลอนประตู', '0005-004-0002'),
(394, '00', '0005', '004', '0003', 'กุญแจ/สายยู/กุญแจล็อกตู้-โต๊ะ', '0005-004-0003'),
(395, '00', '0005', '004', '0004', 'มือจับประตู/หน้าต่าง', '0005-004-0004'),
(396, '00', '0005', '004', '0005', 'บานพับประตู แบบธรรมดา/แบบสวิง', '0005-004-0005'),
(397, '00', '0005', '004', '0006', 'ล้อลูกปืนกระจก', '0005-004-0006'),
(398, '00', '0005', '004', '0007', 'มือหมุนบานเกล็ด', '0005-004-0007'),
(399, '00', '0005', '004', '0008', 'หูช้าง', '0005-004-0008'),
(400, '00', '0005', '004', '0009', 'ตู้ลอย ที่ไม่มีรหัส', '0005-004-0009'),
(401, '00', '0005', '004', '0010', 'ตู้ข้างเตียง ที่ไม่มีรหัส', '0005-004-0010'),
(402, '00', '0005', '004', '0011', 'ตู้อื่นๆทั่วไป ที่ไม่มีรหัส', '0005-004-0011'),
(403, '00', '0006', '001', '0001', 'รถเข็นผ้า', '0006-001-0001'),
(404, '00', '0006', '001', '0002', 'รถเข็นขยะ', '0006-001-0002'),
(405, '00', '0006', '001', '0003', 'รถเข็นของทั่วไป', '0006-001-0003'),
(406, '00', '0006', '002', '0001', 'เครื่องคิดเลข(ใช้แบตเตอรี่)', '0006-002-0001'),
(407, '00', '0006', '002', '0002', 'เครื่องคิดเลข(ใช้ไฟฟ้า)', '0006-002-0002'),
(408, '00', '0007', '001', '0001', 'วิทยูสื่อสารชนิดมือถือ vhf/fm', '0007-001-0001'),
(409, '00', '0007', '001', '0002', 'วิทยูสื่อสารชนิดติดตั้งประจำที่ vhf/fm', '0007-001-0002'),
(410, '00', '0007', '001', '0003', 'วิทยูสื่อสารชนิดเคลื่อนที่ติดรถยนต์ vhf/fm', '0007-001-0003'),
(411, '00', '0007', '001', '0004', 'วิทยูสื่อสารชนิด ซิงเกิ้ลไซด์แบนด์', '0007-001-0004'),
(412, '00', '0007', '001', '0005', 'เสาอากาศ', '0007-001-0005'),
(413, '00', '0007', '001', '0006', 'สายอากาศ(แผงรับสัญญาน)', '0007-001-0006'),
(414, '00', '0007', '001', '0007', 'สายล่อฟ้าพร้อมอุปกรณ์', '0007-001-0007'),
(415, '00', '0007', '001', '0008', 'เครื่องจ่ายกระแสไฟฟ้า(power supply)', '0007-001-0008'),
(416, '00', '0007', '002', '0001', 'เครื่องโทรศัพท์ ชนิดธรรมดา', '0007-002-0001'),
(417, '00', '0007', '002', '0002', 'เครื่องโทรศัพท์ ชนิดไร้สาย', '0007-002-0002'),
(418, '00', '0007', '002', '0003', 'เครื่องโทรสาร(fax)', '0007-002-0003'),
(419, '00', '0007', '003', '0001', 'สายเคเบิ้ลสัญญานโทรทัศน์', '0007-003-0001'),
(420, '00', '0007', '003', '0002', 'สายอากาศ(แผงรับสัญญาน)/เสาอากาศ', '0007-003-0002'),
(421, '00', '0007', '003', '0003', 'จานดาวเทียม', '0007-003-0003'),
(422, '04', '0424', '407', '0002', 'เครื่องโทรศัพท์ไร้สาย', '0424-407-0002'),
(423, '10', '1000', '001', '0001', 'ตึกรัฐรังสรรค์', '1000-001-0001'),
(424, '10', '1000', '002', '0001', 'ระบบบำบัดน้ำเสีย', '1000-002-0001'),
(425, '10', '1000', '003', '0001', 'ตึกน่านประชา', '1000-003-0001'),
(426, '10', '1000', '004', '0001', 'บ้านพัก ผอก.', '1000-004-0001'),
(427, '23', '2310', '001', '0003', 'รถยนต์พยาบาล กข-227', '2310-001-0003'),
(428, '23', '2310', '004', '0003', 'รถยนต์โดยสารขนาด 2400 ซีซี', '2310-004-0003'),
(429, '23', '2320', '008', '0003', 'รถยนต์บรรทุกนั่งแคป (กข-2411)', '2320-008-0003'),
(430, '23', '2340', '003', '0002', 'รถจักรยานยนต์ฮอนด้า', '2340-003-0002'),
(431, '34', '3405', '003', '0002', 'เครื่องตัดเหล็กไฟฟ้า', '3405-003-0002'),
(432, '34', '3415', '001', '0001', 'เครื่องเจียรมือไฟฟ้า 4 นิ้ว', '3415-001-0001'),
(433, '34', '3419', '006', '0001', 'เครื่องขัดพื้น', '3419-006-0001'),
(434, '34', '3445', '002', '0001', 'เครื่องตัดเหล็กไฟเบอร์', '3445-002-0001'),
(435, '35', '3510', '003', '0004', 'เครื่องซักผ้าอัตโนมัติ 13 กก.', '3510-003-0004'),
(436, '35', '3510', '003', '0005', 'เครื่องซักผ้าอัตโนมัติ', '3510-003-0005'),
(437, '35', '3510', '012', '0002', 'เครื่องอบผ้า 170 ปอนด์', '3510-012-0002'),
(438, '39', '3920', '001', '0001', 'รถเข็นของทั่วไปแบบตาข่าย [คัน]', '3920-001-0001'),
(439, '39', '3920', '001', '0002', 'รถเข็นทั่วไปแบบทึบ [คัน]', '3920-001-0002'),
(440, '39', '3920', '005', '0001', 'รถเข็นของแบบตาข่าย', '3920-005-0001'),
(441, '39', '3920', '005', '0007', 'รถเข็นแจกอาหารสเตนเลส', '3920-005-0007'),
(442, '39', '3920', '005', '0016', 'รถเข็นเตรียมยา', '3920-005-0016'),
(443, '39', '3920', '005', '1101', 'รถแขวนชาร์จ สเตนเลส', '3920-005-1101'),
(444, '39', '3920', '005', '1102', 'รถเข็นทำแผลขนาด 45x73.5x80 ซม. 2 ลิ้นชัก 1 ชิ้น พร้อมอ่างล้างมือ', '3920-005-1102'),
(445, '39', '3920', '005', '1103', 'รถเข็นใส่ยาโครงอลูมิเนียมพื้นไม้อัด ขนาด 30x62\"', '3920-005-1103'),
(446, '39', '3920', '005', '1104', 'รถเข็นฉุกเฉินสเตนเลส 3 ลิ้นชัก', '3920-005-1104'),
(447, '39', '3920', '005', '1105', 'รถเข็นถังแก๊สทางการแพทย์ทำด้วยเหล็ก ขนาดใหญ่', '3920-005-1105'),
(448, '39', '3920', '005', '1106', 'รถเข็นถังแก๊สทำด้วยเหล็ก ขนาดกลาง', '3920-005-1106'),
(449, '39', '3920', '005', '1107', 'รถเข็นท่อออกซิเจน [รถเข็นถังแก๊สทำด้วยเหล็ก ขนาดเล็ก]', '3920-005-1107'),
(450, '39', '3920', '005', '1108', 'รถเข็นใส่เครื่องซัคชั่นทำด้วยเหล็ก', '3920-005-1108'),
(451, '39', '3920', '005', '1109', 'รถตากฟิล์ม ทำด้วยเหล็ก', '3920-005-1109'),
(452, '39', '3920', '005', '1110', 'รถใส่ขวดนมเด็ก ทำด้วยสเตนเลส', '3920-005-1110'),
(453, '39', '3920', '005', '1111', 'รถเข็นฉีดยามีลิ้นชัก 2 ชั้น สเตนเลส', '3920-005-1111'),
(454, '39', '3920', '005', '1201', 'รถเข็นขวดน้ำเกลือสเตนเลส 2 ชั้น (ตาข่าย)', '3920-005-1201'),
(455, '39', '3920', '005', '1202', 'รถเข็นของเอนกประสงค์แบบ 3 ชั้น', '3920-005-1202'),
(456, '39', '3920', '005', '1204', 'รถเข็นตะแกรงคว่ำขวด 1000 ml 4 ชั้น สแตนเลส (ตาข่าย)', '3920-005-1204'),
(457, '39', '3920', '005', '1330', 'รถเข็นของ 2 ชั้น สแตนเลส', '3920-005-1330'),
(458, '39', '3920', '005', '1435', 'รถเข็นของ 3 ชั้น สแตนเลส', '3920-005-1435'),
(459, '39', '3920', '005', '1436', 'หม้อต้มเครื่องมือไฟฟ้า', '3920-005-1436'),
(460, '39', '3920', '005', '2101', 'รถเข็นแฟ้มผู้ป่วยทำด้วยเหล็ก', '3920-005-2101'),
(461, '39', '3920', '005', '2102', 'รถเข็นทำแผลทำด้วยทำด้วยเหล็ก', '3920-005-2102'),
(462, '39', '3920', '005', '2103', 'รถฉุกเฉิน 3 ลิ้นชัก, ประตู 1 บาน', '3920-005-2103'),
(463, '39', '3920', '005', '2104', 'รถเข็นถังแก๊สทางการแพทย์ทำด้วยสเตนเลส ขนาดใหญ่', '3920-005-2104'),
(464, '39', '3920', '005', '2105', 'รถเข็นถังแก๊สทำด้วยสเตนเลส ขนาดกลาง', '3920-005-2105'),
(465, '39', '3920', '005', '2106', 'รถเข็นถังแก๊สทำด้วยสเตนเลส ขนาดเล็ก', '3920-005-2106'),
(466, '39', '3920', '005', '2107', 'รถเข็นใส่เครื่องซัคชั่นทำด้วยสเตนเลส', '3920-005-2107'),
(467, '39', '3920', '005', '2108', 'รถเข็นทำด้วยสเตนเลส 2 ชั้น ยาว 30 นิ้ว', '3920-005-2108'),
(468, '39', '3920', '005', '2130', 'รถฉุกเฉิน 3 ลิ้นชัก, ประตู 1 บาน', '3920-005-2130'),
(469, '39', '3920', '005', '2201', 'รถเข็นถาดแจกยา ทำด้วยสเตนเลส [stainless dispensing carriage]', '3920-005-2201'),
(470, '39', '3920', '005', '2202', 'รถตากฟิล์ม ทำด้วยสเตนเลส', '3920-005-2202'),
(471, '41', '4110', '001', '0001', 'ขนาด 1.7 - 2.5 คิว', '4110-001-0001'),
(472, '41', '4110', '001', '0002', 'ขนาด 3.5 - 4.5 คิว', '4110-001-0002'),
(473, '41', '4110', '001', '0003', 'ขนาด 5 - 5.5 คิว', '4110-001-0003'),
(474, '41', '4110', '001', '0004', 'ขนาด 6 - 6.5 คิว', '4110-001-0004'),
(475, '41', '4110', '001', '0005', 'ขนาด 7 - 7.5 คิว', '4110-001-0005'),
(476, '41', '4110', '001', '0006', 'ขนาด 8 - 8.5 คิว', '4110-001-0006'),
(477, '41', '4110', '001', '0007', 'ขนาด 9 - 9.5 คิว', '4110-001-0007'),
(478, '41', '4110', '001', '0008', 'ขนาด 10 - 10.5 คิว', '4110-001-0008'),
(479, '41', '4110', '001', '0009', 'ขนาด 11 - 11.5 คิว', '4110-001-0009'),
(480, '41', '4110', '001', '0010', 'ขนาด 12 - 12.5 คิว', '4110-001-0010'),
(481, '41', '4110', '001', '0011', 'ขนาด 15 - 15.5 คิว', '4110-001-0011'),
(482, '41', '4110', '001', '0012', 'ขนาด 16 - 18.5 คิว', '4110-001-0012'),
(483, '41', '4110', '001', '0013', 'ขนาด 19 - 22.5 คิว', '4110-001-0013'),
(484, '41', '4110', '001', '0014', 'ขนาด 23 - 25.5 คิว', '4110-001-0014'),
(485, '41', '4110', '001', '0015', 'ขนาด 26 - 30.5 คิว', '4110-001-0015'),
(486, '41', '4110', '001', '0022', 'ขนาด 11.6 คิว', '4110-001-0022'),
(487, '41', '4110', '002', '0001', 'เครื่องทำน้ำเย็นสแตนเลส', '4110-002-0001'),
(488, '41', '4110', '002', '0002', 'เครื่องทำน้ำเย็น', '4110-002-0002'),
(489, '41', '4110', '007', '0015', 'ตู้แช่เย็น 2 ประตู 29 คิว', '4110-007-0015'),
(490, '41', '4110', '013', '0012', 'เตียงนอนสำหรับญาติผู้ป่วย', '4110-013-0012'),
(491, '41', '4120', '001', '0001', 'เครื่องปรับอากาศ 9,000 บีทียู', '4120-001-0001'),
(492, '41', '4120', '001', '0002', 'เครื่องปรับอากาศ 10,000 บีทียู', '4120-001-0002'),
(493, '41', '4120', '001', '0003', 'เครื่องปรับอากาศ 12,000 บีทียู', '4120-001-0003'),
(494, '41', '4120', '001', '0004', 'เครื่องปรับอากาศ 13,000 บีทียู', '4120-001-0004'),
(495, '41', '4120', '001', '0005', 'เครื่องปรับอากาศ 14,000 บีทียู', '4120-001-0005'),
(496, '41', '4120', '001', '0006', 'เครื่องปรับอากาศ 15,000 บีทียู', '4120-001-0006'),
(497, '41', '4120', '001', '0007', 'เครื่องปรับอากาศ 16,000 บีทียู', '4120-001-0007'),
(498, '41', '4120', '001', '0008', 'เครื่องปรับอากาศ 18,000 บีทียู', '4120-001-0008'),
(499, '41', '4120', '001', '0009', 'เครื่องปรับอากาศ 20,000 บีทียู', '4120-001-0009'),
(500, '41', '4120', '001', '0010', 'เครื่องปรับอากาศ 22,000 บีทียู', '4120-001-0010'),
(501, '41', '4120', '001', '0011', 'เครื่องปรับอากาศ 24,000 บีทียู', '4120-001-0011'),
(502, '41', '4120', '001', '0012', 'เครื่องปรับอากาศ 25,000 บีทียู', '4120-001-0012'),
(503, '41', '4120', '001', '0013', 'เครื่องปรับอากาศ 28,000 บีทียู', '4120-001-0013'),
(504, '41', '4120', '001', '0014', 'เครื่องปรับอากาศ 30,000 บีทียู', '4120-001-0014'),
(505, '41', '4120', '001', '0015', 'เครื่องปรับอากาศ 33,000 บีทียู', '4120-001-0015'),
(506, '41', '4120', '001', '0016', 'เครื่องปรับอากาศ 35,000 บีทียู', '4120-001-0016'),
(507, '41', '4120', '001', '0017', 'เครื่องปรับอากาศ 36,000 บีทียู', '4120-001-0017'),
(508, '41', '4120', '001', '0018', 'เครื่องปรับอากาศ 38,000 บีทียู', '4120-001-0018'),
(509, '41', '4120', '001', '0019', 'เครื่องปรับอากาศ 40,000 บีทียู', '4120-001-0019'),
(510, '41', '4120', '001', '0020', 'เครื่องปรับอากาศ 42,000 บีทียู', '4120-001-0020'),
(511, '41', '4120', '001', '0021', 'เครื่องปรับอากาศ 45,000 บีทียู', '4120-001-0021'),
(512, '41', '4120', '001', '0022', 'เครื่องปรับอากาศ 50,000 บีทียู', '4120-001-0022'),
(513, '41', '4120', '001', '0023', 'เครื่องปรับอากาศ 55,000 บีทียู', '4120-001-0023'),
(514, '41', '4120', '001', '0024', 'เครื่องปรับอากาศ 60,000 บีทียู', '4120-001-0024'),
(515, '41', '4120', '001', '0025', 'เครื่องปรับอากาศ 64,000 บีทียู', '4120-001-0025'),
(516, '41', '4120', '001', '0026', 'เครื่องปรับอากาศ 70,000 บีทียู', '4120-001-0026'),
(517, '41', '4120', '001', '0027', 'เครื่องปรับอากาศ 72,000 บีทียู', '4120-001-0027'),
(518, '41', '4120', '001', '0028', 'เครื่องปรับอากาศ 75,000 บีทียู', '4120-001-0028'),
(519, '41', '4120', '001', '0029', 'เครื่องปรับอากาศ 80,000 บีทียู', '4120-001-0029'),
(520, '41', '4120', '001', '0030', 'เครื่องปรับอากาศ 100,000 บีทียู', '4120-001-0030'),
(521, '41', '4120', '001', '0031', 'เครื่องปรับอากาศ 120,000 บีทียู', '4120-001-0031'),
(522, '41', '4120', '001', '0032', 'เครื่องปรับอากาศ 130,000 บีทียู', '4120-001-0032'),
(523, '41', '4120', '001', '0033', 'เครื่องปรับอากาศ 150,000 บีทียู', '4120-001-0033'),
(524, '41', '4120', '001', '0034', 'เครื่องปรับอากาศ 180,000 บีทียู', '4120-001-0034'),
(525, '41', '4120', '001', '0035', 'เครื่องปรับอากาศ 200,000 บีทียู', '4120-001-0035'),
(526, '41', '4120', '003', '0001', 'เครื่องปรับอากาศ 20,000 บีทียู', '4120-003-0001'),
(527, '41', '4120', '003', '0002', 'เครื่องปรับอากาศ 25,000 บีทียู', '4120-003-0002'),
(528, '41', '4120', '003', '0003', 'เครื่องปรับอากาศ 30,000 บีทียู', '4120-003-0003'),
(529, '41', '4120', '003', '0004', 'เครื่องปรับอากาศ 35,000 บีทียู', '4120-003-0004'),
(530, '41', '4120', '003', '0005', 'เครื่องปรับอากาศ 38,000 บีทียู', '4120-003-0005'),
(531, '41', '4120', '003', '0006', 'เครื่องปรับอากาศ 40,000 บีทียู', '4120-003-0006'),
(532, '41', '4120', '003', '0007', 'เครื่องปรับอากาศ 45,000 บีทียู', '4120-003-0007'),
(533, '41', '4120', '003', '0008', 'เครื่องปรับอากาศ 50,000 บีทียู', '4120-003-0008'),
(534, '41', '4120', '003', '0009', 'เครื่องปรับอากาศ 55,000 บีทียู', '4120-003-0009'),
(535, '41', '4120', '003', '0010', 'เครื่องปรับอากาศ 60,000 บีทียู', '4120-003-0010'),
(536, '41', '4120', '003', '0011', 'เครื่องปรับอากาศ 65,000 บีทียู', '4120-003-0011'),
(537, '41', '4120', '003', '0012', 'เครื่องปรับอากาศ 70,000 บีทียู', '4120-003-0012'),
(538, '41', '4120', '003', '0013', 'เครื่องปรับอากาศ 72,000 บีทียู', '4120-003-0013'),
(539, '41', '4120', '003', '0014', 'เครื่องปรับอากาศ 75,000 บีทียู', '4120-003-0014'),
(540, '41', '4120', '003', '0015', 'เครื่องปรับอากาศ 80,000 บีทียู', '4120-003-0015'),
(541, '41', '4120', '003', '0016', 'เครื่องปรับอากาศ 850,000 บีทียู', '4120-003-0016'),
(542, '41', '4120', '003', '0017', 'เครื่องปรับอากาศ 100,000 บีทียู', '4120-003-0017'),
(543, '41', '4120', '003', '0018', 'เครื่องปรับอากาศ 120,000 บีทียู', '4120-003-0018'),
(544, '41', '4140', '001', '0001', 'พัดลมตั้งพื้น 16 นิ้ว', '4140-001-0001'),
(545, '41', '4140', '001', '0002', 'พัดลมตั้งโต๊ะ 12 นิ้ว', '4140-001-0002'),
(546, '41', '4140', '001', '0004', 'พัดลมโคจร 16 นิ้ว', '4140-001-0004'),
(547, '41', '4140', '001', '0007', 'พัดลมติดผนัง 16 นิ้ว', '4140-001-0007'),
(548, '41', '4140', '001', '0009', 'ตู้เย็น 5.2 คิว', '4140-001-0009'),
(549, '41', '4140', '001', '004-', 'พัดลมโคจร 16 นิ้ว', '4140-001-004-'),
(550, '41', '4140', '002', '0001', 'เครื่องทำน้ำเย็น', '4140-002-0001'),
(551, '41', '4140', '002', '0002', 'พัดลมดูดอากาศ 8 นิ้ว', '4140-002-0002'),
(552, '41', '4140', '002', '0003', 'พัดลมดูดอากาศ 10 นิ้ว', '4140-002-0003'),
(553, '41', '4140', '002', '0004', 'พัดลมดูดอากาศ 12 นิ้ว', '4140-002-0004'),
(554, '41', '4140', '002', '0010', 'ตู้เย็นเก็บเลือด', '4140-002-0010'),
(555, '41', '4140', '003', '0013', 'พัดลมไอน้ำ', '4140-003-0013'),
(556, '42', '4210', '001', '0017', 'เครื่องปรับอากาศ 40000 บีทียู', '4210-001-0017'),
(557, '43', '4320', '002', '0001', 'ปั๊มลม ขนาด 1 hp 2 สูบ i', '4320-002-0001'),
(558, '43', '4330', '006', '0001', 'เครื่องสูบน้ำด้วยไฟฟ้า', '4330-006-0001'),
(559, '45', '4520', '001', '0001', 'เครื่องทำน้ำอุ่นไฟฟ้า', '4520-001-0001'),
(560, '45', '4520', '001', '0002', 'เครื่องทำน้ำร้อนพลังงานแสงอาทิตย์', '4520-001-0002'),
(561, '45', '4520', '001', '0003', 'เครื่องทำน้ำร้อนพลังงานแสงอาทิตย์', '4520-001-0003'),
(562, '45', '4520', '002', '0003', 'เครื่องกำเนิดไอน้ำขนาดไม่น้อยกว่า 50 แรงม้า', '4520-002-0003'),
(563, '45', '4520', '002', '0004', 'เครื่องกำเนิดได้น้ำขนาด 110 แรงม้า', '4520-002-0004'),
(564, '46', '4610', '007', '0001', 'เครื่องกรองน้ำดื่ม', '4610-007-0001'),
(565, '46', '4610', '007', '0002', 'เครื่องกรองน้ำ', '4610-007-0002'),
(566, '46', '4610', '009', '0001', 'เครื่องกรองความขุ่นจากน้ำ', '4610-009-0001'),
(567, '46', '4620', '001', '0002', 'เครื่องกลั่นน้ำขนาดใหญ่ชนิดใช้ไอน้ำเป็นเชื้อเพลิงระบบอัตโนมัติ', '4620-001-0002'),
(568, '46', '4620', '001', '0003', 'ถังเก็บน้ำกลั่น 500 ลิตร', '4620-001-0003'),
(569, '46', '4620', '001', '0004', 'เครื่องกลั่นน้ำขนาด 400 ลิตร', '4620-001-0004'),
(570, '46', '4630', '005', '0001', 'เครื่องยิงท่อ', '4630-005-0001'),
(571, '51', '5130', '007', '0001', 'สว่านไฟฟ้าชนิดกระแทก 2 จังหวะ', '5130-007-0001'),
(572, '51', '5130', '007', '0003', 'สว่านไฟฟ้าแบบตั้งพื้น', '5130-007-0003'),
(573, '51', '5130', '007', '0004', 'สว่านไร้สายพร้อมแบตเตอรี่', '5130-007-0004'),
(574, '51', '5130', '007', '0005', 'สว่านโรตารี่ไฟฟ้า 3 ระบบ', '5130-007-0005'),
(575, '58', '5802', '006', '0005', 'multiband', '5802-006-0005'),
(576, '58', '5805', '001', '0002', 'โทรศีพท์แบบกด', '5805-001-0002'),
(577, '58', '5805', '001', '0003', 'อินเตอร์คอม (ตัวแม่/2200 ลูก 4*850 หม้อแปลง 1*1190', '5805-001-0003'),
(578, '58', '5805', '001', '0004', 'โทรศัพท์ไร้สาย', '5805-001-0004'),
(579, '58', '5805', '002', '0004', 'โทรศัพท์ไร้สาย', '5805-002-0004'),
(580, '58', '5805', '009', '0001', 'ตู้สาขาโทรศัพท์พร้อมคีการ์ด 8 สายนอก', '5805-009-0001'),
(581, '58', '5815', '001', '0001', 'เครื่องโทรสารระบบาตอบรับอัตโนมัติ', '5815-001-0001'),
(582, '58', '5815', '001', '0002', 'เครื่องโทรสารแบบกระดาษธรรมดา', '5815-001-0002'),
(583, '58', '5820', '001', '0002', 'โทรศัพท์เคลื่อนที่', '5820-001-0002'),
(584, '58', '5820', '005', '0002', 'จอแสดงภาพหลัก', '5820-005-0002'),
(585, '58', '5820', '006', '0001', 'video codec', '5820-006-0001'),
(586, '58', '5820', '015', '0007', 'เครื่องรับ-ส่งวิทยุสื่อสารระบบ hf/ssb กำลังส่ง 100 วัตต์', '5820-015-0007'),
(587, '58', '5820', '022', '0001', 'เครื่องผสมสัญญาณภาพและเสียงระบบดิจิตอล', '5820-022-0001'),
(588, '58', '5820', '022', '0002', 'อุปกรณ์ระบบประชุมทางไกลผ่านจอภาพ', '5820-022-0002'),
(589, '58', '5825', '019', '0001', 'ชนิดมือถือ vhf/fm', '5825-019-0001'),
(590, '58', '5825', '019', '0002', 'ชนิดชนิดติดตั้งประจำที่ vhf/fm', '5825-019-0002'),
(591, '58', '5825', '019', '0003', 'ชนิดเคลื่อนที่ติดรถยนต์ vhf/fm', '5825-019-0003'),
(592, '58', '5825', '019', '0004', 'ชนิดซิงเกิลไซด์แบนด์ hf/ssb', '5825-019-0004'),
(593, '58', '5835', '001', '0001', 'เครื่องฃยายเสียง', '5835-001-0001'),
(594, '58', '5896', '002', '0002', 'จานสายส่งออกอากาศ', '5896-002-0002'),
(595, '58', '5896', '002', '0004', 'อุปกรณ์เครื่องส่ง 170 watts', '5896-002-0004'),
(596, '58', '5896', '002', '0005', 'อุปกรณ์ lna 50 klna/60db', '5896-002-0005'),
(597, '58', '5896', '002', '0006', 'อุปกรณ์ up converter', '5896-002-0006'),
(598, '58', '5896', '002', '0008', 'settelite modem', '5896-002-0008'),
(599, '58', '5896', '002', '0009', 'multiplexer', '5896-002-0009'),
(600, '58', '5896', '002', '0011', 'dama control modem', '5896-002-0011'),
(601, '59', '5965', '001', '0005', 'ไมโครโฟนไร้สาย', '5965-001-0005'),
(602, '61', '6115', '001', '0014', 'เครื่องกำเนิดไฟฟ้า500 เควีเอ.', '6115-001-0014'),
(603, '62', '6230', '005', '0002', 'โคมไฟ fluorescent', '6230-005-0002'),
(604, '65', '6510', '045', '0004', 'ชุดเฝือกบริเวณศีรษะ', '6510-045-0004'),
(605, '65', '6515', '001', '1001', 'เครื่องดมยาสลบ', '6515-001-1001'),
(606, '65', '6515', '001', '2001', 'เครื่องช่วยหายใจในห้องผ่าตัด', '6515-001-2001'),
(607, '65', '6515', '001', '3001', 'เครื่องดมยาสลบพร้อมเครื่องช่วยหายใจ', '6515-001-3001'),
(608, '65', '6515', '002', '0001', 'เครื่องอุ่นเลือดด้วยไฟฟ้า', '6515-002-0001'),
(609, '65', '6515', '002', '4401', 'เครื่องเชื่อมสายถุงเลือด (autosealer)', '6515-002-4401'),
(610, '65', '6515', '003', '1101', 'เครื่องช่วยหายใจชนิดควบคุมด้วยความดัน', '6515-003-1101'),
(611, '65', '6515', '003', '1201', 'ชุดเครื่องช่วยหายใจชนิดควบคุมด้วยความดัน สำหรับเด็ก', '6515-003-1201'),
(612, '65', '6515', '003', '2001', 'เครื่องช่วยหายใจในห้องผ่าตัด', '6515-003-2001'),
(613, '65', '6515', '003', '2101', 'เครื่องช่วยหายใจชนิดควบคุมด้วยปริมาตร', '6515-003-2101'),
(614, '65', '6515', '003', '2301', 'เครื่องช่วยหายใจเด็กแรกเกิด', '6515-003-2301'),
(615, '65', '6515', '003', '2302', 'เครื่องช่วยฟื้นคืนชีพทารก', '6515-003-2302'),
(616, '65', '6515', '003', '3111', 'ชุดเครื่องช่วยหายใจชนิดใช้มือบีบ สำหรับผู้ใหญ่ ทำด้วยยางดำ [bag or ambu - bag]', '6515-003-3111'),
(617, '65', '6515', '003', '3121', 'ambu bag silicone ผู้ใหญ่', '6515-003-3121'),
(618, '65', '6515', '003', '3311', 'ชุดเครื่องช่วยหายใจชนิดใช้มือบีบสำหรับทารก ทำด้วยยางดำ [bag or ambu - bag]', '6515-003-3311'),
(619, '65', '6515', '003', '3321', 'ambu bag silicone ผู้ใหญ่', '6515-003-3321'),
(620, '65', '6515', '003', '4004', 'เครื่องผลิตอากาศอัดทางการแพทย์', '6515-003-4004'),
(621, '65', '6515', '003', '4201', 'กระโจมละอองน้ำ [mist tent]', '6515-003-4201'),
(622, '65', '6515', '003', '4301', 'กระโจมออกซิเจน [oxygen tent]', '6515-003-4301'),
(623, '65', '6515', '003', '4401', 'เครื่องทำละอองน้ำชนิดอุลตรา โซนิค [ultrasonic nembulizer]', '6515-003-4401'),
(624, '65', '6515', '003', '4402', 'เครื่องพ่นยาขยายหลอดลม', '6515-003-4402'),
(625, '65', '6515', '003', '4403', 'เครื่องวัดความบริสุทธิ์ o2 [oxygen blender]', '6515-003-4403'),
(626, '65', '6515', '003', '4404', 'เกย์ออกซิเจน', '6515-003-4404'),
(627, '65', '6515', '003', '4405', 'โฟลมิเตอร์ออกซิเจนไปปไลน์ [continuous positive airway pressure set (cpap)]', '6515-003-4405'),
(628, '65', '6515', '004', '0001', 'เครื่องวัดระดับบิลิรูบินในน้ำเหลือง (microbelirubin meter)', '6515-004-0001'),
(629, '65', '6515', '004', '0002', 'เครื่องตรวจหาสารโดยวิธีอิไลซ่า [elisa system]', '6515-004-0002'),
(630, '65', '6515', '004', '0003', 'เครื่องตรวจเลือดทางเคมีชนิดเทียบสี (เครื่องเทียบสีไฟฟ้า) [spectrophotometer]', '6515-004-0003'),
(631, '65', '6515', '004', '0004', 'เครื่องวัดการดูดกลืนแสงชนิดควบคุมอุณหภูมิ [temperature control photometer]', '6515-004-0004'),
(632, '65', '6515', '004', '0005', 'เครื่องเทียบสีไฟฟ้าชนิดควบคุมอุณหภูมิ [temperature control spectrophotometer]', '6515-004-0005'),
(633, '65', '6515', '004', '0006', 'เครื่องเทียบสีไฟฟ้าชนิดแสงอุลตร้าไวโอเลต [uv - vis spectrophotometer]', '6515-004-0006'),
(634, '65', '6515', '005', '0001', 'เครื่องนับแยกชนิดเม็ดเลือด', '6515-005-0001'),
(635, '65', '6515', '005', '0002', 'เครื่องนับแยกชนิดเม็ดเลือดระบบกล (เครื่องนับเม็ดเลือดขาวแบบแยกชนิด) [differential cell counter]', '6515-005-0002'),
(636, '65', '6515', '005', '0003', 'เครื่องนับแยกเม็ดเลือดขาว', '6515-005-0003'),
(637, '65', '6515', '005', '0004', 'เครื่องนับเม็ดเลือดขาวแบบปุ่มเดียว', '6515-005-0004'),
(638, '65', '6515', '006', '0001', 'เครื่องแยกเม็ดเลือด และส่วนประกอบของเลือดอัตโนมัติ [blood cell separator]', '6515-006-0001'),
(639, '65', '6515', '006', '0002', 'เครื่องปั่นตกตะกอนของเม็ดเลือดแดง', '6515-006-0002'),
(640, '65', '6515', '006', '0003', 'เครื่องปั่นแยกส่วนประกอบของโลหิตพร้อมระบบควบคุมความเย็น [blood bank refrigerated centrifuge]', '6515-006-0003'),
(641, '65', '6515', '007', '0001', 'เครื่องตรวจการแข็งตัวของเลือด [c0aqulation analyzer]', '6515-007-0001'),
(642, '65', '6515', '014', '2004', 'เครื่องปั่นตกตะกอนบรรจุหลอดปั่นได้ 4 หลอด (ขนาดเล็ก) [centrifuge , small size]', '6515-014-2004'),
(643, '65', '6515', '015', '0001', 'เครื่องตรวจน้ำตาลในเลือด', '6515-015-0001'),
(644, '65', '6515', '017', '0001', 'เครื่องวิเคราะห์ความเป็นกรด ด่าง และก๊าซในเลือด', '6515-017-0001'),
(645, '65', '6515', '017', '2002', 'เครื่องตรวจหาสารเคมีอัตโนมัติ', '6515-017-2002'),
(646, '65', '6515', '017', '3001', 'เครื่องตรวจอิเลคโตรโฟริซิสอัตโนมัติ', '6515-017-3001'),
(647, '65', '6515', '018', '0005', 'เครื่องฟังเสียงการไหลเวียนของเลือดแบบกระเป๋ารุ่น mlni dopplex (d900)', '6515-018-0005'),
(648, '65', '6515', '022', '0001', 'เครื่องซัคชั่นดูดเสมหะ', '6515-022-0001'),
(649, '65', '6515', '022', '0002', 'เครื่องซัคชั่นดูดของเหลวในกระเพาะ', '6515-022-0002'),
(650, '65', '6515', '022', '0005', 'ชุดซัคชั่นไปป์ไลน์', '6515-022-0005'),
(651, '65', '6515', '022', '1001', 'เครื่องถ่ายทอดสัญญาณวีดีทัศน์ สำหรับงานผ่าตัด', '6515-022-1001'),
(652, '65', '6515', '023', '0001', 'เครื่องช่วยหายใจชนิดควบคุมด้วยความดัน', '6515-023-0001'),
(653, '65', '6515', '023', '0002', 'เครื่องช่วยหายใจชนิดควบคุมปริมาตร', '6515-023-0002'),
(654, '65', '6515', '023', '0003', 'เครื่องช่วยหายใจเด็กแรกเกิด', '6515-023-0003'),
(655, '65', '6515', '023', '0004', 'ambu bag silicone ผู้ใหญ่', '6515-023-0004'),
(656, '65', '6515', '023', '0005', 'เครื่องตรวจหาปริมาณอิเลคโตรไลท์', '6515-023-0005'),
(657, '65', '6515', '023', '0006', 'เครื่องช่วยหายใจแบบฉุกเฉิน', '6515-023-0006'),
(658, '65', '6515', '023', '0007', 'ชุดช่วยหายใจชนิดมือบีบ', '6515-023-0007'),
(659, '65', '6515', '023', '0008', 'แอมบูแบค เด็กเล็ก', '6515-023-0008'),
(660, '65', '6515', '023', '0009', 'แอมบูแบค เด็ก', '6515-023-0009'),
(661, '65', '6515', '023', '0011', 'เครื่องช่วยหายใจในห้องผ่าตัด', '6515-023-0011'),
(662, '65', '6515', '024', '0001', 'เครื่องเขย่าไปเปตนับเม็ดเลือด [pipette shaker]', '6515-024-0001'),
(663, '65', '6515', '024', '0002', 'เครื่องกระตุกหัวใจแบบมีจอภาพ และเครื่องบันทีก', '6515-024-0002'),
(664, '65', '6515', '024', '0003', 'เครื่องตรวจคลื่นหัวใจ 1 ช่อง', '6515-024-0003'),
(665, '65', '6515', '024', '0004', 'เครื่องตรวจคลื่นไฟฟ้าหัวใจชนิด 3 ช่อง', '6515-024-0004'),
(666, '65', '6515', '024', '0005', 'เครื่องติดตามการทำงานของหัวใจ', '6515-024-0005'),
(667, '65', '6515', '024', '0006', 'เครื่องกระตุกหัวใจแบบไร้สาย', '6515-024-0006'),
(668, '65', '6515', '024', '0007', 'เครื่องวิเคราะห์และบันทึกคลื่นไฟฟ้าหัวใจ(holter)', '6515-024-0007'),
(669, '65', '6515', '024', '0008', 'เครื่องตรวจวิเคราะห์คลื่นไฟฟ้าหัวใจ(singnal average)', '6515-024-0008'),
(670, '65', '6515', '024', '0009', 'เครื่องตรวจหัวใจด้วยคลื่นเสียงความถี่สูง แบบสี', '6515-024-0009'),
(671, '65', '6515', '025', '0001', 'เครื่องตรวจอวัยวะภายในด้วยคลื่นเสียง ความถี่สูง', '6515-025-0001'),
(672, '65', '6515', '025', '0002', 'เครื่องบันทึกภาพลงแผ่นฟิล์ม', '6515-025-0002'),
(673, '65', '6515', '025', '1001', 'infusion pump', '6515-025-1001'),
(674, '65', '6515', '025', '2001', 'syringe pump', '6515-025-2001'),
(675, '65', '6515', '025', '3001', 'เครื่องควบคุมให้สารอาหารทางสายยาง (feeding pump)', '6515-025-3001'),
(676, '65', '6515', '026', '1001', 'เครื่องวัดเปอร์เซนต์ออกซิเจนพร้อม sensor', '6515-026-1001'),
(677, '65', '6515', '026', '1002', 'เครื่องวัดความอิ่มตัวออกซิเจนในเลือด ชนิดพกพา', '6515-026-1002'),
(678, '65', '6515', '026', '1003', 'เครื่องวัดลมหายใจจากท่อช่วยหายใจ', '6515-026-1003'),
(679, '65', '6515', '026', '1004', 'เครื่องวัดอัตราการเต้นของหัวใจ และการหายใจของเด็ก (apnea monitor)', '6515-026-1004'),
(680, '65', '6515', '026', '2001', 'ชุดวัดปริมาตรลมหายใจ', '6515-026-2001'),
(681, '65', '6515', '026', '2002', 'เครื่องวัดปริมาตรลมหายใจแบบถังลอยน้ำ (เครื่องวัดความจุของปอด)', '6515-026-2002'),
(682, '65', '6515', '026', '3008', 'เครื่องตรวจสมรรถภาพของปอด (ก) (ความจุ 8 ลิตร) [spirometer with single speed kymograph]', '6515-026-3008'),
(683, '65', '6515', '027', '0001', 'ตู้อบเด็ก', '6515-027-0001'),
(684, '65', '6515', '027', '0002', 'เครื่องทำความอบอุ่นแก่ทารก', '6515-027-0002'),
(685, '65', '6515', '027', '1001', 'เครื่องตรวจคลื่นไฟฟ้าหัวใจ [electrocardiograph]', '6515-027-1001'),
(686, '65', '6515', '027', '1002', 'เครื่องตรวจคลื่นหัวใจ 1 ช่อง ชนิด 12 ลีด พร้อมอุปกรณ์', '6515-027-1002'),
(687, '65', '6515', '027', '1003', 'เครื่องตรวจคลื่นไฟฟ้าหัวใจชนิด 3 ช่อง', '6515-027-1003'),
(688, '65', '6515', '027', '1004', 'เครื่องตรวจสมรรถภาพการทำงานของหัวใจขณะออกกำลังกาย', '6515-027-1004'),
(689, '65', '6515', '027', '1005', 'เครื่องฟังเสียงหัวใจทารกในครรภ์แบบกระเป๋า', '6515-027-1005'),
(690, '65', '6515', '027', '1006', 'เครื่องวิเคราะห์และบันทึกคลื่นไฟฟ้าหัวใจชนิดติดตามตัวผู้ป่วย [holter]', '6515-027-1006');
INSERT INTO `fsn` (`id`, `group_id`, `class_id`, `type_id`, `description`, `name`, `fsn_number`) VALUES
(691, '65', '6515', '027', '1007', 'เครื่องสร้างสัญญาณ ecg simulotor', '6515-027-1007'),
(692, '65', '6515', '027', '2001', 'เครื่องตรวจและติดตามคลื่นไฟฟ้าหัวใจ [electrocardiograph with monitor]', '6515-027-2001'),
(693, '65', '6515', '027', '2002', 'เครื่องติดตามการทำงานของหัวใจ', '6515-027-2002'),
(694, '65', '6515', '027', '2003', 'เครื่องศูนย์กลางติดตามการทำงานของหัวใจ', '6515-027-2003'),
(695, '65', '6515', '027', '2004', 'เครื่องบันทึกการบีบตัวของมดลูกและการเต้นของหัวใจ', '6515-027-2004'),
(696, '65', '6515', '027', '2005', 'เครื่องวัดอัตราการเต้นของหัวใจ และหายใจของเด็ก', '6515-027-2005'),
(697, '65', '6515', '027', '3001', 'เครื่องกระตุกหัวใจแบบมีจอภาพ [defibrillator]', '6515-027-3001'),
(698, '65', '6515', '027', '3002', 'เครื่องกระตุกหัวใจแบบมีจอภาพ และเครื่องบันทีก', '6515-027-3002'),
(699, '65', '6515', '027', '3003', 'เครื่องให้จังหวะหัวใจ (pace maker)', '6515-027-3003'),
(700, '65', '6515', '027', '3005', 'เครื่องติดตามจังหวัดสัญญาณชีพ', '6515-027-3005'),
(701, '65', '6515', '028', '0001', 'เครื่องส่องตรวจทางเดินปัสสาวะ', '6515-028-0001'),
(702, '65', '6515', '028', '0002', 'เครื่องตรวจวัดคลื่นไฟฟ้ากล้ามเนื้อ และประสาท [electro - myography]', '6515-028-0002'),
(703, '65', '6515', '028', '0003', 'เครื่องตรวจวัดศักดาไฟฟ้าของระบบประสาทจากการกระตุ้น [evoked potentials]', '6515-028-0003'),
(704, '65', '6515', '028', '0004', 'เครื่องตรวจวิเคราะห์การทำงานของกล้ามเนื้อ และระบบประสาทจากการกระตุ้น [emg and evoked potential]', '6515-028-0004'),
(705, '65', '6515', '029', '0001', 'เครื่องจี้และตัดด้วยไฟฟ้าขนาดใหญ่', '6515-029-0001'),
(706, '65', '6515', '029', '0002', 'เครื่องจี้และตัดด้วยไฟฟ้า ขนาดกลาง', '6515-029-0002'),
(707, '65', '6515', '029', '0003', 'เครื่องจี้และตัดด้วยไฟฟ้า ขนาดเล็ก', '6515-029-0003'),
(708, '65', '6515', '029', '0004', 'เครื่องจี้ไฟฟ้าสำหรับผ่าตัดตา', '6515-029-0004'),
(709, '65', '6515', '030', '0001', 'เครื่องช่วยทำคลอดสูญญากาศ', '6515-030-0001'),
(710, '65', '6515', '031', '0001', 'เครื่องขบนิ่วขนาดเล็ก', '6515-031-0001'),
(711, '65', '6515', '031', '0002', 'เครื่องขบนิ่วขนาดใหญ่', '6515-031-0002'),
(712, '65', '6515', '031', '0003', 'กล้องสำหรับส่องตรวจและผ่าตัดนิ่ว', '6515-031-0003'),
(713, '65', '6515', '032', '0001', 'เครื่องตรวจโรคเอดส์', '6515-032-0001'),
(714, '65', '6515', '033', '0100', 'มิเตอร์วัดระดับความดังของเสียง', '6515-033-0100'),
(715, '65', '6515', '034', '0001', 'สว่านขนาดเล็กผ่าตัดกระดูก', '6515-034-0001'),
(716, '65', '6515', '034', '0004', 'เครื่องมือเจาะโพรงกระดูกขา', '6515-034-0004'),
(717, '65', '6515', '034', '0005', 'เครื่องมือเจาะกระดูกขากรรไกร', '6515-034-0005'),
(718, '65', '6515', '034', '0006', 'ชุดเครื่องมือเจาะกระดูกชนิดทำงานด้วยลม', '6515-034-0006'),
(719, '65', '6515', '034', '0007', 'เครื่องกรอง removalcf danaged', '6515-034-0007'),
(720, '65', '6515', '034', '0008', 'ชุด compact air drill', '6515-034-0008'),
(721, '65', '6515', '035', '0001', 'เครื่องส่องตรวจตา หู (ophthalmoscope)', '6515-035-0001'),
(722, '65', '6515', '035', '0002', 'ชุดตรวจตา ชนิดชาจน์ไฟ 3.5 v.', '6515-035-0002'),
(723, '65', '6515', '035', '0005', 'เก้าอี้ผ่าตัดสำหรับแพทย์ หู คอ จมูก', '6515-035-0005'),
(724, '65', '6515', '036', '0001', 'เครื่องบันทึกการบีบตัวของมดลูก', '6515-036-0001'),
(725, '65', '6515', '036', '0002', 'เครื่องฟังเสียงหัวใจทารกในครรภ์แบบกระเป๋า', '6515-036-0002'),
(726, '65', '6515', '037', '0001', 'เครื่องวิเคราะห์ความเป็นกรด ด่าง และก๊าซในเลือด', '6515-037-0001'),
(727, '65', '6515', '038', '0001', 'เครื่องตัด-ดูดน้ำวุ้นในลูกตา', '6515-038-0001'),
(728, '65', '6515', '038', '1100', 'ตู้ปรับอุณภูมิ(incubator) -อุ่นน้ำเกลือ ขนาด 151 ลิตร', '6515-038-1100'),
(729, '65', '6515', '038', '1200', 'ตู้ปรับอุณหภูมิ (ขนาดใหญ่) ความจุภายใน 200 ลิตร [incubator, large size]', '6515-038-1200'),
(730, '65', '6515', '038', '1300', 'ตู้ปลอดเชื้อ compact biohazard', '6515-038-1300'),
(731, '65', '6515', '038', '4001', 'เครื่องนับรังสีแกมม่าแบบอัตโนมัติ [automatic gamma counter]', '6515-038-4001'),
(732, '65', '6515', '038', '4002', 'เครื่องนับจำนวนโคโลนี [colony counter]', '6515-038-4002'),
(733, '65', '6515', '038', '4003', 'ตะเกียงบุนเสนอัตโนมัติ (fire boy eco)', '6515-038-4003'),
(734, '65', '6515', '038', '4004', 'เครื่องวัดความถ่วงจำเพาะพระเพาะปัสสาวะ', '6515-038-4004'),
(735, '65', '6515', '038', '4005', 'เครื่องวัดความขุ่นของเชื้อ', '6515-038-4005'),
(736, '65', '6515', '038', '5001', 'เครื่องอุ่นสารด้วยความร้อนแห้ง (dry bath)', '6515-038-5001'),
(737, '65', '6515', '038', '5002', 'ชุดแยกสารด้วยกระแสไฟฟ้า [electrophoresis set]', '6515-038-5002'),
(738, '65', '6515', '038', '5003', 'อ่างน้ำชนิดควบคุมอุณหภูมิ (ขนาดกลาง) [water bath, medium size]', '6515-038-5003'),
(739, '65', '6515', '038', '5004', 'อ่างน้ำชนิดควบคุมอุณหภูมิ (ขนาดใหญ่) [water bath, large size]', '6515-038-5004'),
(740, '65', '6515', '038', '5005', 'เครื่องผนึกถุงเลือด', '6515-038-5005'),
(741, '65', '6515', '039', '0001', 'เครื่องวัดความบริสุทธิ์ o2', '6515-039-0001'),
(742, '65', '6515', '039', '2211', 'เครื่องกลั่นน้ำขนาดใหญ่ชนิดใช้ไอน้ำเป็นเชื้อเพลิงระบบอัตโนมัติ 100 ลิตรต่อชั่วโมง [still, thermodrive system, not less than 100 litew]', '6515-039-2211'),
(743, '65', '6515', '039', '2221', 'เครื่องกลั่นน้ำขนาดใหญ่ใช้ไอน้ำ ขนาด 200 ลิตร', '6515-039-2221'),
(744, '65', '6515', '039', '2231', 'เครื่องกลั่นน้ำชนิดใช้ไอน้ำ ขนาด 400 ลิตร', '6515-039-2231'),
(745, '65', '6515', '039', '2341', 'เครื่องแปรสภาพน้ำกระด้างให้เป็นน้ำอ่อน [water softener 400 ลิตร/ชั่วโมง]', '6515-039-2341'),
(746, '65', '6515', '039', '2342', 'เครื่องแปรสภาพน้ำกระด้างให้เป็นน้ำอ่อนพร้อมเครื่องล้างอัตโนมัติ 400 ลิตรต่อชั่วโมง [water softener with automatic]', '6515-039-2342'),
(747, '65', '6515', '039', '2421', 'ชุดทำน้ำให้บริสุทธิ์ได้ไม่น้อยกว่า 200 ลิตร ต่อชั่วโมง [water deionizer , not less than 200]', '6515-039-2421'),
(748, '65', '6515', '039', '2441', 'ชุดทำน้ำให้บริสุทธิ์ได้ไม่น้อยกว่า 400 ลิตร ต่อชั่วโมง [water deionizer , not less than 400]', '6515-039-2441'),
(749, '65', '6515', '039', '2491', 'ชุดทำน้ำให้บริสุทธิ์ได้ไม่น้อยกว่า 1000 ลิตร ต่อชั่วโมง [water deionizer, not less than]', '6515-039-2491'),
(750, '65', '6515', '039', '4001', 'เครื่องนับเม็ดยาอัตโนมัต', '6515-039-4001'),
(751, '65', '6515', '039', '4002', 'ชุดทดสอบการฉีกขาดของแผ่นกรองยาปราศจากเชื้อ [bubble point test set]', '6515-039-4002'),
(752, '65', '6515', '039', '4003', 'เครื่องวัดความบริสุทธิ์ของน้ำ [purity meter]', '6515-039-4003'),
(753, '65', '6515', '039', '4004', 'เครื่องวัดความเป็นกรดและด่าง [ph meter]', '6515-039-4004'),
(754, '65', '6515', '039', '4005', 'เครื่องวัดอุณหภูมิกระต่ายชนิดไฟฟ้า [pyrogen test set electric]', '6515-039-4005'),
(755, '65', '6515', '039', '4006', 'ชุดทดสอบการปราศจากเชื้อ [sterility testing unit]', '6515-039-4006'),
(756, '65', '6515', '040', '0001', 'เครื่องไถผิวหนัง dermatome', '6515-040-0001'),
(757, '65', '6515', '041', '0001', 'ปากคีบตัดชิ้นเนื้อ biopsy', '6515-041-0001'),
(758, '65', '6515', '043', '0002', 'เครื่องกรองานแลป', '6515-043-0002'),
(759, '65', '6515', '044', '0001', 'เกย์ออกซิเจน', '6515-044-0001'),
(760, '65', '6515', '044', '0003', 'โฟลมิเตอร์ออกซิเจนไปปไลน์', '6515-044-0003'),
(761, '65', '6515', '045', '0001', 'เครื่องตัดเฝือก', '6515-045-0001'),
(762, '65', '6515', '045', '0002', 'กรรไกรตัดเฝือก', '6515-045-0002'),
(763, '65', '6515', '045', '0003', 'คีมถ่างเผือก (plaste cast instrument)', '6515-045-0003'),
(764, '65', '6515', '046', '0001', 'handrilling', '6515-046-0001'),
(765, '65', '6515', '047', '0001', 'กล้องจุลทรรศ์สำหรับผ่าตัด', '6515-047-0001'),
(766, '65', '6515', '047', '0002', 'กล้องจุลทรรศน์สำหรับผ่าตัด หู คอ จมูก', '6515-047-0002'),
(767, '65', '6515', '048', '0001', 'เครื่องตรวจภายในลูกตาทางอ้อม', '6515-048-0001'),
(768, '65', '6515', '049', '0001', 'เครื่องผ่าตัดตาด้วยความเย็น', '6515-049-0001'),
(769, '65', '6515', '050', '0001', 'เครื่องตรวจหาบิลิรูบิน', '6515-050-0001'),
(770, '65', '6515', '051', '0001', 'เครื่องฟังเสียงหัวใจเด็ก', '6515-051-0001'),
(771, '65', '6515', '053', '0001', 'cervix biopsy', '6515-053-0001'),
(772, '65', '6515', '054', '0001', 'ชุดส่องหลอดลม (larygoscope)', '6515-054-0001'),
(773, '65', '6515', '055', '0001', 'กล้องส่องตรวจกระเพาะปัสสาวะ', '6515-055-0001'),
(774, '65', '6515', '056', '0001', 'กล้องส่องตรวจปอด-หลอดลม', '6515-056-0001'),
(775, '65', '6515', '057', '0001', 'เครื่องส่องตรวจลำไส้ใหญ่', '6515-057-0001'),
(776, '65', '6515', '058', '0001', 'เครื่องส่องตรวจกระเพาะอาหาร', '6515-058-0001'),
(777, '65', '6515', '059', '0001', 'ธารอน ฮีโมรอยด์คัลโคเคเตอร์', '6515-059-0001'),
(778, '65', '6515', '059', '0002', 'เครื่องมือตรวจรักษาริดสีดวงทวาร', '6515-059-0002'),
(779, '65', '6515', '059', '0003', 'ชุดส่องตรวจทวารหนัก', '6515-059-0003'),
(780, '65', '6515', '060', '0001', 'เครื่องมือส่องตรวจช่องท้อง', '6515-060-0001'),
(781, '65', '6515', '061', '0001', 'เครื่องกำเนิดแสง', '6515-061-0001'),
(782, '65', '6515', '061', '0002', 'เครื่องกำเนิดควบคุมสัญญาณvdo', '6515-061-0002'),
(783, '65', '6515', '062', '0001', 'ชุดเครื่องมือผ่าตัดขนาดเล็ก (24 ชิ้น)', '6515-062-0001'),
(784, '65', '6515', '062', '0008', 'ชุดผ่าตัดต่อมลูกหมากสเตนเลส', '6515-062-0008'),
(785, '65', '6515', '064', '0001', 'กล้องจุลทรรศน์ตรวจตาชนิดลำแสงแคบ (slit lamp)', '6515-064-0001'),
(786, '65', '6515', '064', '0002', 'เครื่องวัดความโค้งของกระจกตา พร้อมโต๊ะวาง อุปกรณ์ปรับขึ้นลงด้วยระบบไฟฟ้า', '6515-064-0002'),
(787, '65', '6515', '065', '0001', 'เครื่องวัดกำลังแว่นตา', '6515-065-0001'),
(788, '65', '6515', '066', '0001', 'เครื่องวัดความดันลูกตา', '6515-066-0001'),
(789, '65', '6515', '067', '0001', 'เครื่องตรวจววัดสายคตา neitz streak retinoscope', '6515-067-0001'),
(790, '65', '6515', '067', '0002', 'เครื่องตรวจวัดสายตาระบบอัตโนมัติ', '6515-067-0002'),
(791, '65', '6515', '067', '0003', 'เครื่องวัดแว่นตาอัตโนมัติ (coputerized lensmeter)', '6515-067-0003'),
(792, '65', '6515', '068', '0001', 'ชุดแว่นสำหรับลองแว่น (trial lens set 61 b. ) - trial freame pd =58 - trial freame pd= 62', '6515-068-0001'),
(793, '65', '6515', '068', '0002', 'priom set (ชุดตรวจตา iv)', '6515-068-0002'),
(794, '65', '6515', '071', '0001', 'infusion pump', '6515-071-0001'),
(795, '65', '6515', '071', '0002', 'เครื่องควบคุมการให้อาหารทางสายยาง', '6515-071-0002'),
(796, '65', '6515', '072', '0001', 'ชุดเร่งการให้เลือด', '6515-072-0001'),
(797, '65', '6515', '073', '0001', 'เครื่องตรวจหาปริมาณอิเลคโตรไลท์ model 664/fast 4 na / k/ cl /t co 2 analyzer', '6515-073-0001'),
(798, '65', '6515', '074', '0001', 'ชุดกางเกงต่อต้านการช๊อค', '6515-074-0001'),
(799, '65', '6515', '075', '0001', 'เครื่องตรวจนับรังสีแกมมา', '6515-075-0001'),
(800, '65', '6515', '076', '0001', 'เครื่องปั่นแยกส่วนประกอบเลือด', '6515-076-0001'),
(801, '65', '6515', '076', '0002', 'เครื่องปั่นแยกส่วนประกอบเลือด', '6515-076-0002'),
(802, '65', '6515', '077', '0001', 'ชุดใส่ห่วงอนามัย', '6515-077-0001'),
(803, '65', '6515', '078', '0001', 'reacetoscope sheath 24 fr.', '6515-078-0001'),
(804, '65', '6515', '080', '0001', 'ชุด skin graft', '6515-080-0001'),
(805, '65', '6515', '082', '0001', 'universal lens', '6515-082-0001'),
(806, '65', '6515', '085', '0001', 'ตู้ไฟวัดสายตา', '6515-085-0001'),
(807, '65', '6515', '088', '0001', 'ชุดดมยาเด็กพร้อมอุปกรณ์ครบชุด', '6515-088-0001'),
(808, '65', '6515', '090', '0001', 'เครื่องวัดปริมาณความอิ่มตัวของออกซิเจนในเลือด', '6515-090-0001'),
(809, '65', '6515', '091', '0001', 'เครื่องตรวจสมรรถภาพการทำงานของหัวใจขณะออกกำลังกาย', '6515-091-0001'),
(810, '65', '6515', '092', '0001', 'เครื่องเจาะและตัดเปิดกระโหลก', '6515-092-0001'),
(811, '65', '6515', '093', '0001', 'เครื่องส่องตรวจท่อน้ำดี', '6515-093-0001'),
(812, '65', '6515', '093', '0002', 'กล้องส่องตรวจลำใส้เล็กฯ', '6515-093-0002'),
(813, '65', '6515', '093', '0003', 'เครื่องมือผ่าตัดถุงน้ำดี', '6515-093-0003'),
(814, '65', '6515', '094', '0001', 'เครื่องตรวจการได้ยิน', '6515-094-0001'),
(815, '65', '6515', '094', '0002', 'เครื่องตรวจวัดการได้ยินระดับด้านสมอง', '6515-094-0002'),
(816, '65', '6515', '096', '0001', 'กล้องส่องข้อ', '6515-096-0001'),
(817, '65', '6515', '097', '0001', 'ที่นอนลมกันแผลกดทับ', '6515-097-0001'),
(818, '65', '6515', '098', '0001', 'หุ่นคืนชีพทารกแรกเกิด', '6515-098-0001'),
(819, '65', '6515', '098', '0002', 'หุนฝึกใส่ท่าช่วยหายใจทารก', '6515-098-0002'),
(820, '65', '6515', '098', '0003', 'หุ่นตรวจเต้านม', '6515-098-0003'),
(821, '65', '6515', '099', '0001', 'เครื่องตรวจวัดสมรรถภาพของหู', '6515-099-0001'),
(822, '65', '6515', '100', '0001', 'syring pump', '6515-100-0001'),
(823, '65', '6515', '101', '0001', 'ชุดเครื่องจี้และตัดมะเร็งปากมดลูก', '6515-101-0001'),
(824, '65', '6515', '102', '0001', 'เครื่องเชื่อมไฟฟ้า', '6515-102-0001'),
(825, '65', '6515', '104', '0001', 'เครื่องบริหารข้อเข่า', '6515-104-0001'),
(826, '65', '6515', '105', '0001', 'เครื่องวัดสมรรถภาพปอด', '6515-105-0001'),
(827, '65', '6515', '105', '0002', 'เครื่องวัดปริมาตรลมหายใจ', '6515-105-0002'),
(828, '65', '6515', '105', '0003', 'เครื่องวัด pressure cuff control infant', '6515-105-0003'),
(829, '65', '6515', '106', '0001', 'เครื่องวัดอัตราการเต้นของหัวใจ และการหายใจของเด็ก (apnea monitor)', '6515-106-0001'),
(830, '65', '6515', '107', '0001', 'เครื่องศูนย์กลางการทำงานของหัวใจ ชนิด 8 เตียง', '6515-107-0001'),
(831, '65', '6515', '108', '0001', 'เครื่องปรับอุณหภูมิผู้ป่วย', '6515-108-0001'),
(832, '65', '6515', '109', '0001', 'เครื่องพ่นยาขยายหลอดลม', '6515-109-0001'),
(833, '65', '6515', '110', '0001', 'เครื่องผลิตอากาศทางการแพทย์', '6515-110-0001'),
(834, '65', '6515', '111', '0001', 'เครื่องส่องตรวจปากมดลูกเพื่อหามะเร็งระยะแรก', '6515-111-0001'),
(835, '65', '6515', '112', '0001', 'เครื่องบริหารข้อศอก', '6515-112-0001'),
(836, '65', '6515', '114', '0001', 'เครื่องติดตามจังหวะสัญญาณชีพ', '6515-114-0001'),
(837, '65', '6515', '115', '0001', 'เครื่องกระตุ้นประสาทบริเวณใบหน้าพร้อมอุปกรณ์', '6515-115-0001'),
(838, '65', '6515', '117', '0001', 'เครื่องไตเทียม', '6515-117-0001'),
(839, '65', '6515', '117', '0002', 'ระบบน้ำสำหรับเครื่องล้างไต (water treatment reverse osmosis for hemodialysis)', '6515-117-0002'),
(840, '65', '6515', '118', '0001', 'เครื่องให้ยาขับธาตุเหล็ก', '6515-118-0001'),
(841, '65', '6515', '119', '0001', 'แบบทดสอบตาบอดสีขนาด 38 แผ่น (shihara book)', '6515-119-0001'),
(842, '65', '6515', '120', '0001', 'เครื่องรักษาโรคตาด้วย nd-yag laser', '6515-120-0001'),
(843, '65', '6515', '121', '0001', 'เครื่องตัดผิวหนังด้ายไฟฟ้า', '6515-121-0001'),
(844, '65', '6515', '122', '0001', 'เครื่องช่วยฟื้นคืนชีพทารก (newborn resusicator with radiant warmer)', '6515-122-0001'),
(845, '65', '6515', '123', '0001', 'เครื่องตรวจช่องปาก จมูก กล่องเสียง fleseilele oto-rhino-laryngoseope', '6515-123-0001'),
(846, '65', '6520', '001', '0001', 'เครื่องกรอฟัน', '6520-001-0001'),
(847, '65', '6520', '001', '0003', 'เครื่องกรอฟัน', '6520-001-0003'),
(848, '65', '6520', '004', '0001', 'เครื่องขูดหินปูนด้วยไฟฟ้า', '6520-004-0001'),
(849, '65', '6520', '004', '0002', 'เครื่องขูดหินปูนด้วยไฟฟ้า', '6520-004-0002'),
(850, '65', '6520', '004', '0003', 'ชุดขูดหินปูนไฟฟ้าประจำสถานีอนามัย', '6520-004-0003'),
(851, '65', '6520', '004', '0004', 'เครื่องขูดหินปูนไฟฟ้า', '6520-004-0004'),
(852, '65', '6520', '005', '0001', 'ยูนิตทำฟัน ชนิดกรอเร็ว', '6520-005-0001'),
(853, '65', '6520', '007', '0001', 'ยูนิตทำฟัน ชนิดกรอเร็ว', '6520-007-0001'),
(854, '65', '6520', '007', '0002', 'ยูนิตทำฟันเฉพาะทางทันตกรรม [dental uint for special treatment]', '6520-007-0002'),
(855, '65', '6520', '007', '0003', 'ยูนิตทำฟันนอกสำนักงาน', '6520-007-0003'),
(856, '65', '6520', '007', '0004', 'ชุดครุภัณฑ์ทันตกรรมประจำสถานีอนามัยขนาดใหญ่', '6520-007-0004'),
(857, '65', '6520', '007', '0005', 'เครื่องมือทันตกรรมเคลื่อนที่พร้อมเก้าอี้สนาม', '6520-007-0005'),
(858, '65', '6520', '007', '1001', 'เก้าอี้ทันตแพทย์', '6520-007-1001'),
(859, '65', '6520', '008', '0001', 'เครื่องฉายแสงวัสดุอุดฟัน(liter 682 premium)', '6520-008-0001'),
(860, '65', '6520', '008', '0002', 'เครื่องอัดอากาศทางทันตกรรมชนิด oilless [oilless dental air compressor]', '6520-008-0002'),
(861, '65', '6520', '008', '0003', 'เครื่องอัดอากาศระบบจ่ายกลาง [central dental air compressor]', '6520-008-0003'),
(862, '65', '6520', '009', '0001', 'เครื่องฉายแสงวัสดุอุดฟัน', '6520-009-0001'),
(863, '65', '6520', '010', '0001', 'เครื่องเชื่อมลวดดัดฟัน', '6520-010-0001'),
(864, '65', '6520', '011', '0001', 'เครื่องวัดความยาวรากฟัน', '6520-011-0001'),
(865, '65', '6520', '011', '0002', 'ชุดทำฟันปลอม', '6520-011-0002'),
(866, '65', '6520', '011', '0003', 'เครื่องขัดแต่งฟันปลอม [polishing and trimming dental laboratory motor]', '6520-011-0003'),
(867, '65', '6520', '011', '0004', 'เครื่องวัดความยาวรากฟัน', '6520-011-0004'),
(868, '65', '6520', '012', '0001', 'เครื่องปั่นผสมสารอุดฟัน', '6520-012-0001'),
(869, '65', '6520', '013', '0001', 'เครื่องเจาะกระดูกชนิดมอเตอร์', '6520-013-0001'),
(870, '65', '6520', '013', '0002', 'เครื่องกรอกกระดูกสำหรับงานทันตกรรม', '6520-013-0002'),
(871, '65', '6520', '015', '0001', 'เครื่องตรวจความมีชีวิต', '6520-015-0001'),
(872, '65', '6520', '017', '0001', 'เครื่องวัดความขนานของฟัน', '6520-017-0001'),
(873, '65', '6520', '019', '0001', 'ชุดทำฟันปลอม hanau articulator', '6520-019-0001'),
(874, '65', '6520', '020', '0001', 'glass bead sterilizer maxi 452-303', '6520-020-0001'),
(875, '65', '6520', '021', '0001', 'เครื่องเป่าทราย mini-blaster no.401-airsonic power sandblast no.605-084', '6520-021-0001'),
(876, '65', '6520', '022', '0001', 'projile intro pack(ชุดขยายคลอบรากฟัน)', '6520-022-0001'),
(877, '65', '6520', '023', '0001', 'เครื่องเชื่อมลวดดัดฟัน (welder and solder)', '6520-023-0001'),
(878, '65', '6520', '024', '0001', 'เครื่องตัดแต่งปลาสเตอร์', '6520-024-0001'),
(879, '65', '6525', '002', '0001', 'เครื่องเอกซเรย์ขนาดไม่น้อยกว่า 500 เอมเอพร้อมจอทีวี', '6525-002-0001'),
(880, '65', '6525', '002', '0002', 'เครื่องเอ็กซ์เรย์คอมพิวเตอร์ ct-scan', '6525-002-0002'),
(881, '65', '6525', '002', '0003', 'เครื่องเอ็กชเรย์เคลื่อนที่', '6525-002-0003'),
(882, '65', '6525', '002', '0004', 'เครื่องเอ็กชเรย์ฟันแบบติดผนัง', '6525-002-0004'),
(883, '65', '6525', '002', '0005', 'เครื่องเอกซเรย์ขนาด 100 เอมเอ', '6525-002-0005'),
(884, '65', '6525', '002', '0006', 'เครื่องเอกซเรย์ซีอาร์มเคลื่อนที่', '6525-002-0006'),
(885, '65', '6525', '002', '0007', 'เครื่องเอกซเรย์เคลื่อนที่ 100 เอ็มเอเอส.', '6525-002-0007'),
(886, '65', '6525', '002', '1001', 'cassette(pl-cwx ,kyokko green screen) size 7x17 นิ้ว', '6525-002-1001'),
(887, '65', '6525', '002', '1002', 'grid window cassette kyokko green sereen 14.\"x17\"', '6525-002-1002'),
(888, '65', '6525', '002', '1101', 'ถังล้างฟิล์ม [developing tank]', '6525-002-1101'),
(889, '65', '6525', '002', '1208', 'เครื่องล้างฟิล์มอัตโนมัติ สำหรับฟันล้างได้ 8 แผ่น/10 นาที [automatic film developer for dental periapical ]', '6525-002-1208'),
(890, '65', '6525', '002', '1215', 'เครื่องล้างฟิล์มอัตโนมัติ ขนาดเล็กล้างได้ 15 แผ่น/10 นาที [automatic x-ray film processor, small]', '6525-002-1215'),
(891, '65', '6525', '002', '1224', 'เครื่องล้างฟิล์มอัตโนมัติขนาดใหญ่', '6525-002-1224'),
(892, '65', '6525', '002', '2001', 'เครื่องใส่แผ่นฟิล์มลง cassette แบบอัตโนมัติ', '6525-002-2001'),
(893, '65', '6525', '002', '3001', 'เครื่องบันทึกภาพลงแผ่นฟิล์ม', '6525-002-3001'),
(894, '65', '6525', '003', '0001', 'ตู้ดูฟิล์มเอกซเรย์ 1 ช่อง', '6525-003-0001'),
(895, '65', '6525', '003', '0002', 'ตู้ดูฟิล์มเอกซเรย์ 2 ช่อง', '6525-003-0002'),
(896, '65', '6525', '003', '0003', 'ตู้ดูฟิล์มเอกซเรย์ 3 ช่อง', '6525-003-0003'),
(897, '65', '6525', '003', '0005', 'ตู้ดูฟิล์มเอกซเรย์ 8 ช่อง', '6525-003-0005'),
(898, '65', '6525', '003', '2101', 'ตู้อ่านฟิล์ม 1 ช่อง พร้อมรถเข็นสเตนเบส มี 1 ลิ้นชัก ขนาด 16\"x20\" ใส่ล้อ ขนาด 3\"', '6525-003-2101'),
(899, '65', '6525', '003', '2102', 'ตู้ดูฟิล์มเอกซเรย์ 2 ช่อง', '6525-003-2102'),
(900, '65', '6525', '003', '2103', 'ตู้ดูฟิล์มเอกซเรย์ 3 ช่อง', '6525-003-2103'),
(901, '65', '6525', '003', '2108', 'ตู้ดูฟิล์มเอกซเรย์ 8 ช่อง', '6525-003-2108'),
(902, '65', '6525', '004', '0001', 'film scanner', '6525-004-0001'),
(903, '65', '6525', '004', '0002', 'เสื้อตะกั่วแบบครึ่งตัว', '6525-004-0002'),
(904, '65', '6525', '004', '1001', 'เครื่องเอกซเรย์ฟัน แบบติดผนัง ขนาด 10 เอม.เอ [dental x-ray, 10 ma]', '6525-004-1001'),
(905, '65', '6525', '004', '1050', 'เครื่องเอ๊กซเรย์ ขนาด 500 เอมเอ [x-ray unit, 500 ma.]', '6525-004-1050'),
(906, '65', '6525', '004', '2050', 'เครื่องเอกซเรย์ ขนาด 500 เอมเอ สำหรับถ่ายเอกซเรย์ทั่วไป [x-ray unit, 500 ma.with bucky table and bucky c]', '6525-004-2050'),
(907, '65', '6525', '004', '4050', 'เครื่องเอกเรย์ 500 เอ็มเอ พร้อมจอ', '6525-004-4050'),
(908, '65', '6525', '004', '5050', 'เครื่องเอกซเรย์โทโมกราฟฟี่ ขนาด 500 เอมเอ [tomographic unit, 500 ma]', '6525-004-5050'),
(909, '65', '6525', '004', '6100', 'เครื่องเอกซเรย์ ขนาด 100 เอมเอ [angigraphic unit, 1000 ma.]', '6525-004-6100'),
(910, '65', '6525', '004', '7005', 'เครื่องเอกซเรย์เคลื่อนที่', '6525-004-7005'),
(911, '65', '6525', '004', '8002', 'เครื่องเอกซเรย์เคลื่อนที่ขนาด 20 เอม.เอ พร้อมจอภาพโทรทัศน์ [mobile x-ray unit, 20 ma with image intersifier ]', '6525-004-8002'),
(912, '65', '6525', '004', '8006', 'เครื่องเอกซเรย์ซีอาร์มเคลื่อนที่', '6525-004-8006'),
(913, '65', '6525', '005', '0001', 'แผ่น grid ขนาด 10\"+12\"', '6525-005-0001'),
(914, '65', '6525', '005', '0002', 'แผ่น grid ขนาด 14\"+17\"', '6525-005-0002'),
(915, '65', '6525', '005', '0003', 'cassette (pl-bw) green sereen 8 x 10', '6525-005-0003'),
(916, '65', '6525', '005', '0004', 'cassette (pl-bw) green sereen 7 x 17', '6525-005-0004'),
(917, '65', '6525', '005', '0006', 'cassette (pl-bw) screen 14x14', '6525-005-0006'),
(918, '65', '6525', '005', '0007', 'casset green medium 15x30 cm.', '6525-005-0007'),
(919, '65', '6525', '005', '1010', 'เครื่องเอกซเรย์ฟันทั้งปาก และกระโหลกศีรษะ ขนาด 10 เอ็ม เอ [panoramic and cephalometric radiography 10 ma]', '6525-005-1010'),
(920, '65', '6525', '005', '1015', 'เครื่องเอกซเรย์ ฟันทั้งปาก และกระโหลกศีรษะ ขนาด 15 เอ็ม เอ [panormic and cephalometric 15 ma]', '6525-005-1015'),
(921, '65', '6525', '005', '2100', 'เครื่องเอกซเรย์เต้านม ขนาด 100 เอมเอ [mammography]', '6525-005-2100'),
(922, '65', '6525', '006', '0001', 'เครื่องล้างฟิล์มเอกซเรย์', '6525-006-0001'),
(923, '65', '6525', '006', '1020', 'เครื่องเอกซเรย์คอมพิวเตอร์', '6525-006-1020'),
(924, '65', '6525', '007', '0001', 'เครื่องพิมพ์ชื่อลงบนฟิล์ม', '6525-007-0001'),
(925, '65', '6525', '007', '1001', 'เครื่องประกอบถ่ายเอกซเรย์พิเศษ พร้อมเตียง และหลอดสำหรับโทโมกราฟฟี่ [x-ray diagnostic table with x-ray tube for tomo]', '6525-007-1001'),
(926, '65', '6525', '007', '2120', 'เครื่องเปลี่ยนฟิล์มเอกซเรย์แบบอัตโนมัติ 1 ระนาบ บรรจุได้ 20 แผ่น [automatic serial film changer]', '6525-007-2120'),
(927, '65', '6525', '007', '2220', 'เครื่องเปลี่ยนฟิล์มเอกซเรย์แบบอัตโนมัติ 2 ระนาบ บรรจุไดั 20 แผ่น [automatic bi-plane serial film changer]', '6525-007-2220'),
(928, '65', '6525', '007', '4001', 'จอภาพทีวีเอกซเรย์ ชนิด 1 จอ [x-ray television]', '6525-007-4001'),
(929, '65', '6525', '007', '4002', 'จอภาพทีวีเอกซเรย์ ชนิด 2 จอ', '6525-007-4002'),
(930, '65', '6525', '008', '0001', 'ชุดทำแบเรียมสำหรับเอ๊กซเรย์', '6525-008-0001'),
(931, '65', '6525', '008', '1101', 'เครื่องตรวจอวัยวะภายในด้วยคลื่นเสียงความถี่สูง (ultrasound seanner, mobile cilnic) [ultrasound scanner]', '6525-008-1101'),
(932, '65', '6525', '008', '1102', 'เครื่องตรวจอวัยวะภายในด้วยคลื่นเสียงความถี่สูง', '6525-008-1102'),
(933, '65', '6525', '008', '1103', 'เครื่องตรวจหัวใจด้วยคลื่นเสียงความถี่สูงแบบตรวจหัวใจ และเส้นเลือดได้ [doppler echocardiogram]', '6525-008-1103'),
(934, '65', '6525', '008', '1203', 'เครื่องตรวจอวัยวะภายในด้วยเคลื่อนเสียงความถี่สูง แบบสี (echocardio craphy color doppler', '6525-008-1203'),
(935, '65', '6525', '008', '2101', 'เครื่องตรวจอวัยวะภายในทางสูตินรีเวชด้วยระบบคลื่นเสียงความถี่สูง [ultrasonograph in ob/gyn]', '6525-008-2101'),
(936, '65', '6525', '008', '3101', 'เครื่องตรวจตาด้วยคลื่นเสียงความถี่สูง [ophthalmic ultrasonography]', '6525-008-3101'),
(937, '65', '6525', '009', '0001', 'เครื่องตรวจด้วยคลื่นแม่เหล็กไฟฟ้า [mri]', '6525-009-0001'),
(938, '65', '6525', '010', '0001', 'ตู้ดูฟิลม์ในห้องมืด safe light', '6525-010-0001'),
(939, '65', '6525', '010', '0002', 'ตู้ดูฟิลม์ในห้องมืด safe light', '6525-010-0002'),
(940, '65', '6525', '011', '0001', 'กระจกกันรังสี ขนาด 10\"+12\"', '6525-011-0001'),
(941, '65', '6525', '012', '0001', 'แผ่นตะกั่ว ขนาด 60\"+80\"', '6525-012-0001'),
(942, '65', '6525', '013', '0001', 'bucky stand', '6525-013-0001'),
(943, '65', '6525', '014', '0001', 'chest stand', '6525-014-0001'),
(944, '65', '6525', '015', '0001', 'ตู้สแตนเลสใส่ฟิลม์ในห้องมืด', '6525-015-0001'),
(945, '65', '6525', '016', '0001', 'pass box', '6525-016-0001'),
(946, '65', '6525', '017', '0001', 'x-ray polvitmeter', '6525-017-0001'),
(947, '65', '6525', '019', '0001', 'ถุงมือกันรังสี', '6525-019-0001'),
(948, '65', '6525', '020', '0001', 'ฉากกั้นแสงเอ๊กซเรย์', '6525-020-0001'),
(949, '65', '6525', '021', '0001', 'จอภาพทีวีเอกซเรย์', '6525-021-0001'),
(950, '65', '6530', '001', '0001', 'เตียงตรวจโรค', '6530-001-0001'),
(951, '65', '6530', '001', '0002', 'เตียงฟาว์เลอร์ 3 ไก', '6530-001-0002'),
(952, '65', '6530', '001', '0003', 'เตียงซิมมอน', '6530-001-0003'),
(953, '65', '6530', '001', '0004', 'เตียงตรวจนรีเวช สเตนเลส', '6530-001-0004'),
(954, '65', '6530', '001', '0005', 'เตียงผู้ป่วยเด็ก', '6530-001-0005'),
(955, '65', '6530', '001', '0006', 'เตียงผ่าตัดทั่วไป', '6530-001-0006'),
(956, '65', '6530', '001', '0007', 'เตียงผ่าตัด', '6530-001-0007'),
(957, '65', '6530', '001', '0008', 'เตียงผ่าตัดเล็ก', '6530-001-0008'),
(958, '65', '6530', '001', '0009', 'เตียงทำคลอด', '6530-001-0009'),
(959, '65', '6530', '001', '0010', 'เตียงเฝ้าไข้แบบธรรมดา', '6530-001-0010'),
(960, '65', '6530', '001', '0011', 'เตียงพลิกคนไข้ คว่ำหงาย', '6530-001-0011'),
(961, '65', '6530', '001', '0012', 'เตียงพลิกคนไข้ คว่ำหงาย', '6530-001-0012'),
(962, '65', '6530', '001', '0013', 'เตียงรับบริจาคโลหิต', '6530-001-0013'),
(963, '65', '6530', '001', '0014', 'คลิบพลาสติกโครงเหล็ก', '6530-001-0014'),
(964, '65', '6530', '001', '0019', 'เตียงล้างแผลสเตนเลสพร้อมเบาะ', '6530-001-0019'),
(965, '65', '6530', '001', '0021', 'เตียงผู้ป่วยหนัก', '6530-001-0021'),
(966, '65', '6530', '001', '0022', 'เตียงผู้ป่วยฉุกเฉิน', '6530-001-0022'),
(967, '65', '6530', '001', '0023', 'เตียงสำหรับใช้กับเครื่องเอกซเรย์ซีอาร์ม', '6530-001-0023'),
(968, '65', '6530', '001', '1111', 'เตียงตรวจโรคพร้อมม้าชึ้นเตียง [examing table]', '6530-001-1111'),
(969, '65', '6530', '001', '1112', 'เตียงตรวจครรภ์', '6530-001-1112'),
(970, '65', '6530', '001', '1121', 'เตียงตรวจโรค ปรับระดับได้ [examing table]', '6530-001-1121'),
(971, '65', '6530', '001', '1122', 'เตียงตรวจนรีเวช สเตนเลส', '6530-001-1122'),
(972, '65', '6530', '001', '2111', 'เตียงผู้ป่วยแบบธรรมดา [reglar hospital bed]', '6530-001-2111'),
(973, '65', '6530', '001', '2121', 'เตียงเฟาว์เลอร์ 2 ไก', '6530-001-2121'),
(974, '65', '6530', '001', '2131', 'เตียงพลิกคนไข้ คว่ำหงาย', '6530-001-2131'),
(975, '65', '6530', '001', '2161', 'เตียงผู้ป่วยทางกระดูก [orthopedic bed]', '6530-001-2161'),
(976, '65', '6530', '001', '2211', 'เตียงผู้ป่วยเด็ก [pediatric bed]', '6530-001-2211'),
(977, '65', '6530', '001', '2311', 'clip เด็กชนิด plastic [crib]', '6530-001-2311'),
(978, '65', '6530', '001', '3121', 'เตียงผู้ป่วยหนัก', '6530-001-3121'),
(979, '65', '6530', '001', '3122', 'เตียงผู้ป่วยฉุกเฉิน', '6530-001-3122'),
(980, '65', '6530', '001', '3211', 'เตียงผู้ป่วยฉุกเฉินชนิดไฟฟ้า', '6530-001-3211'),
(981, '65', '6530', '001', '4121', 'เตียงผ่าตัดทั่วไป', '6530-001-4121'),
(982, '65', '6530', '001', '4122', 'เตียงผ่าตัดชนิดพิเศษ', '6530-001-4122'),
(983, '65', '6530', '001', '4123', 'เตียงผ่าตัด หู คอ จมูก [ent operating table]', '6530-001-4123'),
(984, '65', '6530', '001', '4161', 'เตียงผ่าตัดออร์โธปิดิกส์', '6530-001-4161'),
(985, '65', '6530', '001', '6121', 'เตียงใช้กับเครื่องเอกซเรย์ c-arm', '6530-001-6121'),
(986, '65', '6530', '001', '7111', 'เตียงคลอดปรับระดับไม่ได้', '6530-001-7111'),
(987, '65', '6530', '001', '7112', 'เตียงผ่าตัดชันสูตรศพ [autopsy table]', '6530-001-7112'),
(988, '65', '6530', '001', '7121', 'เตียงรับบริจาคโลหิต', '6530-001-7121'),
(989, '65', '6530', '001', '7122', 'เตียงเข้าเฝือก [orthopaedic table, fracture table]', '6530-001-7122'),
(990, '65', '6530', '001', '9101', 'ที่นอนกันแผลกดทับ', '6530-001-9101'),
(991, '65', '6530', '001', '9102', 'เตียงรับบริจาคโลหิต', '6530-001-9102'),
(992, '65', '6530', '001', '9103', 'แผ่นรองยกเคลื่อนย้ายผู้ป่วย', '6530-001-9103'),
(993, '65', '6530', '063', '0002', 'ก้าอี้นวดแผนไทยพร้อมเก้าอี้', '6530-063-0002'),
(994, '65', '6530', '003', '0001', 'เครื่องทดสอบทางชีวภาพสำหรับเครื่องอบแก๊ส', '6530-003-0001'),
(995, '65', '6530', '003', '0002', 'ตู้ดูฟลิม์เอ็กซเรย์ ชนิด 2 ช่อง', '6530-003-0002'),
(996, '65', '6530', '003', '0003', 'เครื่องนึ่งฆ่าเชื้อชนิดนอน', '6530-003-0003'),
(997, '65', '6530', '003', '0004', 'เครื่องนึ่งฆ่าเชื้อขนาดเล็ก', '6530-003-0004'),
(998, '65', '6530', '003', '0005', 'เครื่องนึ่งฆ่าเชื้อขนาดเล็ก', '6530-003-0005'),
(999, '65', '6530', '003', '1320', 'เครื่องนึ่งฆ่าเชื้อจุลินทรีย์ระบบเย็นเร็ว', '6530-003-1320'),
(1000, '65', '6530', '003', '1412', 'เครื่องอบฆ่าเชื้อด้วยระบบแรงดันไอน้ำอัตโนมัติ 40 ลิตร', '6530-003-1412'),
(1001, '65', '6530', '003', '1426', 'เครื่องนึ่งฆ่าเชื้อจุลินทรีย์ระบบอัตโนมัติ ใช้ไฟฟ้าระบบเย็นเร็ว ขนาดความจุ 108 ลิตร', '6530-003-1426'),
(1002, '65', '6530', '003', '2310', 'เครื่องนึ่งฆ่าเชื้อจุลินทรีย์ ระบบธรรมดา ใช้ไอน้ำระบบเย็นช้า ขนาดความจุ 190 ลิตร', '6530-003-2310'),
(1003, '65', '6530', '003', '2411', 'เครื่องนึ่งฆ่าเชื้อ ชนิดใช้ไฟฟ้า ขนาด 20 ลิตร', '6530-003-2411'),
(1004, '65', '6530', '003', '3410', 'เครื่องอบฆ่าเชื้อด้วยแก๊สเอทธิลีนอ๊อคไซค์', '6530-003-3410'),
(1005, '65', '6530', '003', '3421', 'เครื่องอบฆ่าเชื้อด้วยแก๊สเอทธิลินอ๊อคไซด์', '6530-003-3421'),
(1006, '65', '6530', '003', '4420', 'เครื่องนึ่งฆ่าเชื้อระบบสูญญากาศ', '6530-003-4420'),
(1007, '65', '6530', '003', '4423', 'เครื่องนึ่งฆ่าเชื้อจุลินทรีย์ ขนาดกลาง', '6530-003-4423'),
(1008, '65', '6530', '003', '5413', 'เครื่องอบเป่าสายยางให้แห้ง', '6530-003-5413'),
(1009, '65', '6530', '004', '0000', 'ชุดครุภัณฑ์กิจกรรมบำบัด', '6530-004-0000'),
(1010, '65', '6530', '004', '0001', 'เครื่องให้การรักษาด้วยไฟฟ้าชนิดคลื่นสั้น', '6530-004-0001'),
(1011, '65', '6530', '004', '0002', 'เครื่องกระตุ้นกล้ามเนื้อฯ', '6530-004-0002'),
(1012, '65', '6530', '004', '0003', 'เครื่องรักษาด้วยคลื่นเสียง', '6530-004-0003'),
(1013, '65', '6530', '004', '0004', 'เครื่องดึงคอและหลังอัตโนมัติ', '6530-004-0004'),
(1014, '65', '6530', '004', '0005', 'เครื่องอุ่นแผ่นประคบความร้อน', '6530-004-0005'),
(1015, '65', '6530', '004', '0007', 'whirl pool', '6530-004-0007'),
(1016, '65', '6530', '004', '0008', 'parafin bath', '6530-004-0008'),
(1017, '65', '6530', '004', '0009', 'paraffin bath', '6530-004-0009'),
(1018, '65', '6530', '004', '0011', 'tilt broad', '6530-004-0011'),
(1019, '65', '6530', '004', '0012', 'โต๊ะบริการขาและเข่า (n-k table)', '6530-004-0012'),
(1020, '65', '6530', '004', '0013', 'เครื่องดึงคอชนิดนั่ง', '6530-004-0013'),
(1021, '65', '6530', '004', '0015', 'โต๊ะปรับระดับ 07 x1.00 ม', '6530-004-0015'),
(1022, '65', '6530', '004', '0017', 'เครื่องกระตุ้นแก้ปวดด้วยไฟฟ้า', '6530-004-0017'),
(1023, '65', '6530', '004', '0018', 'เครื่องอบพีไลท์', '6530-004-0018'),
(1024, '65', '6530', '004', '0020', 'เครื่องดูดลมชนิดอัตโนมัติ', '6530-004-0020'),
(1025, '65', '6530', '004', '0021', 'เครื่องคว้านเบ้าขาเทียม', '6530-004-0021'),
(1026, '65', '6530', '004', '0022', 'จักรยานทดสอบสมรรถภาพ', '6530-004-0022'),
(1027, '65', '6530', '004', '0023', 'เครื่องรักษาทางกายภาพฯ', '6530-004-0023'),
(1028, '65', '6530', '004', '0026', 'เครื่องจัดแนวขาเทียม', '6530-004-0026'),
(1029, '65', '6530', '004', '0027', 'เครื่องดูดพลาสติกทำขาเทียม', '6530-004-0027'),
(1030, '65', '6530', '004', '0029', 'ตู้อบความร้อนใช้อบพีไลท์ ควบคุมอุณหภูมิ', '6530-004-0029'),
(1031, '65', '6530', '004', '0031', 'เครื่องวัดแรงบีบมือ', '6530-004-0031'),
(1032, '65', '6530', '004', '0038', 'ชุดออกกำลังกายโดยวิธีแขวนและพยุง (supension frame)', '6530-004-0038'),
(1033, '65', '6530', '004', '0039', 'เครื่องเจียนหนัง', '6530-004-0039'),
(1034, '65', '6530', '004', '0040', 'อุปกรณ์ช่วยออกกำลังกายเนื้อขาผู้ป่วยอัมพาตครึ่งซีก', '6530-004-0040'),
(1035, '65', '6530', '004', '1101', 'เครื่องกระตุ้นกล้ามเนื้อด้วยไฟฟ้า [low frequency electrical stimulator]', '6530-004-1101'),
(1036, '65', '6530', '004', '1102', 'เครื่องกระตุ้นไฟฟ้าความถี่ปานกลาง แบบอินเตอร์เฟอเรนเซียล [interferential electrical stimulation]', '6530-004-1102'),
(1037, '65', '6530', '004', '1103', 'เครื่องดึงคอและหลังแบบอัตโนมัติ', '6530-004-1103'),
(1038, '65', '6530', '004', '1104', 'เครื่องให้การรักษาด้วยคลื่นไมโครเวฟ [microwave diathermy unit]', '6530-004-1104'),
(1039, '65', '6530', '004', '1105', 'เครื่องให้การรักษาด้วยคลื่นเสียงอุลตราซาวด์', '6530-004-1105'),
(1040, '65', '6530', '004', '1106', 'เครื่องให้การบำบัดรักษากล้ามเนื้อชนิดคลื่นสั้น', '6530-004-1106'),
(1041, '65', '6530', '004', '1107', 'โคมอินฟราเรด [infrared lamp]', '6530-004-1107'),
(1042, '65', '6530', '004', '1108', 'เตียงฝึกยืน ใช้ไฟฟ้า [tilt table]', '6530-004-1108'),
(1043, '65', '6530', '004', '1109', 'เครื่องกระตุ้นกล้ามเนื้อและประสาทด้วยกระแสไฟฟ้าไดอะไดนามิค', '6530-004-1109'),
(1044, '65', '6530', '004', '1110', 'เครื่องกระตุ้นประสาทบริเวณใบหน้า', '6530-004-1110'),
(1045, '65', '6530', '004', '1111', 'เครื่องมือรักษาทางกายภาพด้วยแสงเลเซอร์', '6530-004-1111'),
(1046, '65', '6530', '004', '1201', 'เครื่องต้มแผ่นให้ความร้อน [hydrocollator unit]', '6530-004-1201'),
(1047, '65', '6530', '004', '1202', 'ถังน้ำวนแบบแช่แขนขา [arm-leg whirlpool]', '6530-004-1202'),
(1048, '65', '6530', '004', '1203', 'ถังน้ำวนแบบแช่แขน [arm whirlpool]', '6530-004-1203'),
(1049, '65', '6530', '004', '1204', 'ถังน้ำวนแบบแช่ครึ่งตัว [low profile whirlpool]', '6530-004-1204'),
(1050, '65', '6530', '004', '1205', 'ถังแช่ฮับบาร์ดแท๊งค์ [hubbard tank]', '6530-004-1205'),
(1051, '65', '6530', '004', '1301', 'โต๊ะบริหารขาและเข่า', '6530-004-1301'),
(1052, '65', '6530', '004', '1302', 'เครื่องบริหารข้อเข่า', '6530-004-1302'),
(1053, '65', '6530', '004', '1303', 'เครื่องบริหารข้อศอก', '6530-004-1303'),
(1054, '65', '6530', '004', '1304', 'เครื่องบริหารชุดลูกรอกติดฝาผนัง ชนิด 3 ตอน [triplex pulley]', '6530-004-1304'),
(1055, '65', '6530', '004', '1305', 'จักรยานทดสอบสมรรถภาพ', '6530-004-1305'),
(1056, '65', '6530', '004', '1306', 'เครื่องออกกำลังขาชนิดสายพาน [treadmill]', '6530-004-1306'),
(1057, '65', '6530', '004', '1307', 'เตียงบริหารร่างกาย [plint]', '6530-004-1307'),
(1058, '65', '6530', '004', '1308', 'เตียงฝึกยืน ชนิดมือหมุน [tilt table]', '6530-004-1308'),
(1059, '65', '6530', '004', '1309', 'โต๊ะสำหรับบริหารมือ ข้อมือ และแขน [hand wrist and forearm table]', '6530-004-1309'),
(1060, '65', '6530', '004', '1310', 'ที่นอนบริหารร่างกาย [mat]', '6530-004-1310'),
(1061, '65', '6530', '004', '1311', 'บันไดเข้ามุม [corner style staircase]', '6530-004-1311'),
(1062, '65', '6530', '004', '1312', 'ราวคู่ขนาน [parallel bars]', '6530-004-1312'),
(1063, '65', '6530', '004', '1313', 'ราวแบบตั้ง [stall bars]', '6530-004-1313'),
(1064, '65', '6530', '004', '1314', 'วงล้อบริหารไหล่ [shoulder wheel]', '6530-004-1314'),
(1065, '65', '6530', '004', '1401', 'อ่างแช่พาราฟิน [paraffin bath]', '6530-004-1401'),
(1066, '65', '6530', '004', '2001', 'ชุดออกกำลังกายโดยวิธีแขวนและพยุง', '6530-004-2001'),
(1067, '65', '6530', '004', '2002', 'เครื่องตีเกลียวลวด [wire twisting machine]', '6530-004-2002'),
(1068, '65', '6530', '004', '2003', 'จักรเลื่อยไม้ [treadle fret saw]', '6530-004-2003'),
(1069, '65', '6530', '004', '2004', 'โต๊ะปรับระดับสูง - ต่ำ และปรับองศา', '6530-004-2004'),
(1070, '65', '6530', '004', '3001', 'เครื่องกลึงโลหะ', '6530-004-3001'),
(1071, '65', '6530', '004', '3002', 'เครื่องคว้านเบ้าเทียม [wood carving machine]', '6530-004-3002'),
(1072, '65', '6530', '004', '3003', 'เครื่องเชื่อมไฟฟ้า [a.c arc. welder]', '6530-004-3003'),
(1073, '65', '6530', '004', '3004', 'เครื่องเชื่อมโลหะด้วยแก๊ส', '6530-004-3004'),
(1074, '65', '6530', '004', '3005', 'เครื่องดูดลม [vacuum pump]', '6530-004-3005'),
(1075, '65', '6530', '004', '3006', 'เครื่องเลื่อยสายพาน [band saw]', '6530-004-3006'),
(1076, '65', '6530', '004', '3007', 'ตู้อบความร้อนใช้อบพีไลท์', '6530-004-3007'),
(1077, '65', '6530', '004', '3008', 'สว่านไฟฟ้าชนิดตั้งพื้นขนาดกลาง', '6530-004-3008'),
(1078, '65', '6530', '004', '3009', 'สว่านไฟฟ้าชนิดตั้งพื้นขนาดใหญ่', '6530-004-3009'),
(1079, '65', '6530', '004', '3013', 'เครื่องเจียนหนัง', '6530-004-3013'),
(1080, '65', '6530', '004', '4001', 'ชุดครุภัณฑ์กิจกรรมบำบัด', '6530-004-4001'),
(1081, '65', '6530', '005', '0001', 'โคมไฟผ่าตัดชนิดแขวนเพดาน', '6530-005-0001'),
(1082, '65', '6530', '005', '0002', 'โคมไฟตั้งแบบ 4 ดวง', '6530-005-0002'),
(1083, '65', '6530', '005', '0003', 'ไฟงวงช้าง', '6530-005-0003'),
(1084, '65', '6530', '005', '0004', 'โคมไฟผ่าตัดชนิดโคมคู่แขวนเพดาน', '6530-005-0004'),
(1085, '65', '6530', '005', '0005', 'โคมไฟตรวจและผ่าตัดเล็ก', '6530-005-0005'),
(1086, '65', '6530', '005', '0006', 'โคมไฟขยาย', '6530-005-0006'),
(1087, '65', '6530', '005', '0007', 'โคมไฟขยาย', '6530-005-0007'),
(1088, '65', '6530', '005', '0008', 'เครื่องส่องไฟเด็กตัวเหลือง', '6530-005-0008'),
(1089, '65', '6530', '005', '0009', 'ไฟส่องตรวจ ชนิดสวมศีรษะ(รหัสเดิม ยกเลิก)', '6530-005-0009'),
(1090, '65', '6530', '005', '0010', 'โคมไฟแขวนเพดาน (ห้องคลอด)', '6530-005-0010'),
(1091, '65', '6530', '005', '1101', 'ไฟส่องตรวจ ชนิดสวมศีรษะ', '6530-005-1101'),
(1092, '65', '6530', '005', '1110', 'โคมไฟแว่นขยาย', '6530-005-1110'),
(1093, '65', '6530', '005', '1111', 'โคมไฟส่องตรวจทำหัตถการ', '6530-005-1111'),
(1094, '65', '6530', '005', '1114', 'โคมไฟผ่าตัด ชนิดโคมเดี่ยวติดเพดานเคลื่อนที่ได้ขนาดเท่ากันมีหลอดไฟ 4 ดวง [โคมไฟผ่าตัด ชนิดโคมเดี่ยวติดเพดานเคลื่อนที่ได้ขนาด]', '6530-005-1114'),
(1095, '65', '6530', '005', '1116', 'โคมไฟผ่าตัด ชนิดโคมเดี่ยวแกนเดี่ยวขนาดเท่ากันมีหลอดไฟ 6 ดวง [โคมไฟผ่าตัด ชนิดโคมเดี่ยวแกนเดี่ยวขนาดเท่ากันมีหลอ]', '6530-005-1116'),
(1096, '65', '6530', '005', '2214', 'โคมไฟผ่าตัดชนิดโคมคู่แขวนเพดาน', '6530-005-2214'),
(1097, '65', '6530', '005', '2326', 'โคมไฟผ่าตัด ชนิด 3 โคมแกนเดี่ยวโคมใหญ่มีไฟ 6 ดวง', '6530-005-2326'),
(1098, '65', '6530', '005', '3111', 'โคมไฟผ่าตัด ชนิดไฟราวเดี่ยว 1 โคมไฟ 1 ดวง', '6530-005-3111'),
(1099, '65', '6530', '005', '4211', 'โคมไฟแขวนเพดานทำคลอด', '6530-005-4211'),
(1100, '65', '6530', '008', '0001', 'โต๊ะเมโย', '6530-008-0001'),
(1101, '65', '6530', '008', '0002', 'โต๊ะคร่อมเตียง', '6530-008-0002'),
(1102, '65', '6530', '008', '0003', 'โต๊ะคร่อมเตียง', '6530-008-0003'),
(1103, '65', '6530', '008', '0004', 'โต๊ะวางเครื่องมือคร่อมเตียงผ่าตัด', '6530-008-0004'),
(1104, '65', '6530', '008', '0005', 'โต๊ะเตนเลส 8 เหลี่ยม 2 ชั้น', '6530-008-0005'),
(1105, '65', '6530', '008', '0006', 'โต๊ะสเตนเลส วางชามกลม', '6530-008-0006'),
(1106, '65', '6530', '008', '0007', 'โต๊ะวางเครื่องมือชนิดโค้งขนาด 16x54x33 ชิ้นเดียว', '6530-008-0007'),
(1107, '65', '6530', '008', '0008', 'โต๊ะวางเครื่องมือผ่าตัด แบบโค้ง 2 ชั้น', '6530-008-0008'),
(1108, '65', '6530', '008', '0009', 'โต๊ะสเตนเลสขนาด 60x150x60 ซม.', '6530-008-0009'),
(1109, '65', '6530', '008', '0111', 'เครื่องชั่งสารด้วยไฟฟ้าทศนิยม 2 ตำแหน่ง', '6530-008-0111'),
(1110, '65', '6530', '008', '0121', 'เครื่องชั่งน้ำหนักขนาดใหญ่ ชนิดไฟฟ้า แบบไม่แสดงตัวเลข', '6530-008-0121'),
(1111, '65', '6530', '008', '0211', 'เครื่องชั่งสารด้วยไฟฟ้าทศนิยม 2 ตำแหน่ง', '6530-008-0211'),
(1112, '65', '6530', '008', '0221', 'เครื่องชั่งอย่างละเอียด ชนิดไฟฟ้า แบบไม่แสดงตัวเลข', '6530-008-0221'),
(1113, '65', '6530', '008', '0311', 'เครื่องชั่งน้ำหนักเด็กดิจิตอล', '6530-008-0311'),
(1114, '65', '6530', '008', '0321', 'เครื่องชั่งน้ำหนัก ขนาดกลางตั้งโต๊ะ ชนิดธรรมดาแบบไม่แสดงตัวเลข', '6530-008-0321'),
(1115, '65', '6530', '008', '0411', 'เครื่องชั่งน้ำหนัก ขนาดกลางตั้งโต๊ะ ชนิดไฟฟ้าแบบแสดงตัวเลข', '6530-008-0411'),
(1116, '65', '6530', '008', '0421', 'เครื่องชั่งน้ำหนัก ขนาดกลางตั้งโต๊ะ ชนิดไฟฟ้าแบบไม่แสดงตัวเลข', '6530-008-0421'),
(1117, '65', '6530', '008', '0511', 'เครื่องชั่งน้ำหนักตัวและตรวจวัดไขมัน', '6530-008-0511'),
(1118, '65', '6530', '008', '0521', 'เครื่องชั่งน้ำหนัก ขนาดกลางตั้งพื้น ชนิดธรรมดาแบบไม่แสดงตัวเลข', '6530-008-0521'),
(1119, '65', '6530', '008', '0611', 'เครื่องชั่งน้ำหนัก ขนาดกลางตั้งพื้น ชนิดไฟฟ้าแบบแสดงตัวเลข', '6530-008-0611'),
(1120, '65', '6530', '008', '0621', 'เครื่องชั่งน้ำหนัก ขนาดกลางตั้งพื้น ชนิดไฟฟ้าแบบไม่แสดงตัวเลข [เครื่องชั่งน้ำหนัก ขนาดกลางตั้งพื้น ชนิดไฟฟ้าแบบไม]', '6530-008-0621'),
(1121, '65', '6530', '008', '0711', 'เครื่องชั่งน้ำหนัก มีทีวัดส่วนสูง ชนิดธรรมดาแบบแสดงตัวเลข [เครื่องชั่งน้ำหนัก มีทีวัดส่วนสูง ชนิดธรรมดาแบบแสด]', '6530-008-0711'),
(1122, '65', '6530', '008', '0721', 'เครื่องชั่งน้ำหนักหน้าปัดกลมพร้อมที่วัดส่วนสูง', '6530-008-0721'),
(1123, '65', '6530', '008', '0811', 'เครื่องชั่งน้ำหนัก มีที่วัดส่วนสูง ชนิดไฟฟ้าแบบแสดงตัวเลข [เครื่องชั่งน้ำหนัก มีที่วัดส่วนสูง ชนิดไฟฟ้าแบบแส]', '6530-008-0811'),
(1124, '65', '6530', '008', '0821', 'เครื่องชั่งน้ำหนัก มีที่วัดส่วนสูง ชนิดไฟฟ้าแบบไม่แสดงตัวเลข [เครื่องชั่งน้ำหนัก มีที่วัดส่วนสูง ชนิดไฟฟ้าแบบไม่]', '6530-008-0821'),
(1125, '65', '6530', '008', '0911', 'เครื่องชั่งน้ำหนัก ขนาดใหญ่ ชนิดธรรมดาแบบแสดงตัวเลข [เครื่องชั่งน้ำหนัก ขนาดใหญ่ ชนิดธรรมดาแบบแสดงตัวเล]', '6530-008-0911'),
(1126, '65', '6530', '008', '0921', 'เครื่องชั่งน้ำหนักขนาดใหญ่ ชนิดธรรมดา แบบไม่แสดงตัวเลข [เครื่องชั่งน้ำหนักขนาดใหญ่ ชนิดธรรมดา แบบไม่แสดงต]', '6530-008-0921'),
(1127, '65', '6530', '008', '1011', 'เครื่องชั่งน้ำหนักขนาดใหญ่ ชนิดไฟฟ้าแบบแสดงตัวเลข [เครื่องชั่งน้ำหนักขนาดใหญ่ ชนิดไฟฟ้าแบบแสดงตัวเลข]', '6530-008-1011'),
(1128, '65', '6530', '008', '1111', 'เครื่องชั่งสปิงชนิดแขวน', '6530-008-1111'),
(1129, '65', '6530', '009', '0001', 'ตู้เก็บเครื่องมือ ชนิด 2 ตอน', '6530-009-0001'),
(1130, '65', '6530', '009', '0003', 'ตู้ข้างเตียงไม้', '6530-009-0003'),
(1131, '65', '6530', '009', '0004', 'ตู้ข้างเตียงไม้', '6530-009-0004'),
(1132, '65', '6530', '009', '0005', 'ตู้ข้างเตียงโลหะ', '6530-009-0005'),
(1133, '65', '6530', '009', '0006', 'ตู้ตรวจรักษา (ไม้)', '6530-009-0006'),
(1134, '65', '6530', '010', '0001', 'ตู้ตรวจรักษา (ไม้)', '6530-010-0001'),
(1135, '65', '6530', '010', '0002', 'ชั้นขึ้นเตียง 2 ชั้น', '6530-010-0002'),
(1136, '65', '6530', '011', '0001', 'ราวกั้นเตียง', '6530-011-0001'),
(1137, '65', '6530', '011', '0002', 'ราวกั้นเตียงติดในตัวเตียง', '6530-011-0002'),
(1138, '65', '6530', '011', '0003', 'ราวคู่ขนาน (parallel bars)', '6530-011-0003'),
(1139, '65', '6530', '012', '0001', 'เสาน้ำเกลือเหล็ก', '6530-012-0001'),
(1140, '65', '6530', '012', '0002', 'เสาน้ำเกลือเหล็ก', '6530-012-0002'),
(1141, '65', '6530', '013', '0001', 'รถเข็นผู้ป่วยชนิดนอน (เปลหาม)', '6530-013-0001'),
(1142, '65', '6530', '013', '0002', 'รถเข็นผู้ป่วยชนิดนอนปรับได้', '6530-013-0002'),
(1143, '65', '6530', '013', '0003', 'รถนั่งคนพิการ', '6530-013-0003'),
(1144, '65', '6530', '014', '0001', 'รถทำการพยาบาลทั่วไป แบบ 1 ลิ้นชัก', '6530-014-0001'),
(1145, '65', '6530', '014', '0002', 'ถังทิ้งผ้าก๊อส ล้อเลื่อน', '6530-014-0002'),
(1146, '65', '6530', '014', '0003', 'รถเข็นวางเครื่องมือ มีลิ้นชัก', '6530-014-0003'),
(1147, '65', '6530', '014', '0004', 'รถเข็นถังออกซิเจน', '6530-014-0004'),
(1148, '65', '6530', '014', '0005', 'รถทำแผลแบบลิ้นชักพร้อมถังและอ่าง', '6530-014-0005'),
(1149, '65', '6530', '014', '0006', 'ที่ล้างแผลแบบสเตนเลส 3003', '6530-014-0006'),
(1150, '65', '6530', '014', '0008', 'ตู้เก็บแฟ้มปรอท', '6530-014-0008'),
(1151, '65', '6530', '014', '0009', 'รถเข็นดมยา 1 ลิ้นชัก', '6530-014-0009'),
(1152, '65', '6530', '014', '0011', 'รถเข็นทางการพยาบาล (cpr)', '6530-014-0011'),
(1153, '65', '6530', '014', '0012', 'รถเข็นโครงผ้าเปื้อน', '6530-014-0012'),
(1154, '65', '6530', '014', '0013', 'รถเข็น 3 ชั้น ชนิดขอบหงาย', '6530-014-0013'),
(1155, '65', '6530', '014', '0014', 'รถเข็น 3 ชั้น ชนิดขอบหงาย', '6530-014-0014'),
(1156, '65', '6530', '014', '0015', 'ถาดแจกยา ขนาด 40 ที่', '6530-014-0015'),
(1157, '65', '6530', '014', '0016', 'รถเข็นของนึ่งสเตนเลสแบบตู้ทึบ', '6530-014-0016'),
(1158, '65', '6530', '015', '0001', 'หม้อต้มเครื่องมือไฟฟ้า', '6530-015-0001'),
(1159, '65', '6530', '015', '0002', 'รถเข็นเปลหามสเตนเลส', '6530-015-0002'),
(1160, '65', '6530', '017', '0001', 'เครื่องคลุกแป้งถุงมือ', '6530-017-0001'),
(1161, '65', '6530', '018', '0001', 'เครื่องมือบันทึกความสัมพันธ์ขากรรไกรกับใบหน้า', '6530-018-0001'),
(1162, '65', '6530', '018', '0002', 'โครงแขวนถุงมือชนิดไม่มีล้อ', '6530-018-0002'),
(1163, '65', '6530', '019', '0001', 'รถเข็นโครงผ้าเปื้อน', '6530-019-0001'),
(1164, '65', '6530', '020', '0001', 'ที่แขวนหม้อนอนมีถาดรองรับ', '6530-020-0001'),
(1165, '65', '6530', '020', '0002', 'เครื่องล้างขวดน้ำเกลือชนิด 3 แปรง', '6530-020-0002'),
(1166, '65', '6530', '020', '0003', 'เครื่องชั่งชนิด 2 จาน', '6530-020-0003'),
(1167, '65', '6530', '020', '1001', 'โครงนั่งถ่ายสเตนเลส', '6530-020-1001'),
(1168, '65', '6530', '021', '0001', 'ตู้อบขวดน้ำเกลือ', '6530-021-0001'),
(1169, '65', '6530', '021', '1001', 'ถังผ้าก๊อสแบบมีล้อเลื่อน', '6530-021-1001'),
(1170, '65', '6530', '022', '0001', 'เครื่องล้างขวดน้ำเกลือ', '6530-022-0001'),
(1171, '65', '6530', '022', '0002', 'ปั้มลม', '6530-022-0002'),
(1172, '65', '6530', '022', '0003', 'เครื่องฉีดชะล้างขวดน้ำกลั่นฯ', '6530-022-0003'),
(1173, '65', '6530', '023', '0001', 'ฉากกั้นเตียง [screen]', '6530-023-0001'),
(1174, '65', '6530', '024', '0001', 'เครื่องตัดก๊อส', '6530-024-0001'),
(1175, '65', '6530', '025', '0001', 'ชั้นตากถุงมือ', '6530-025-0001'),
(1176, '65', '6530', '025', '0002', 'ที่แขวนหม้อนอนมีถาดรองรับ', '6530-025-0002'),
(1177, '65', '6530', '026', '0001', 'เครื่องอบถุงมือ', '6530-026-0001'),
(1178, '65', '6530', '027', '0001', 'เครื่องซักถุงมือ', '6530-027-0001'),
(1179, '65', '6530', '028', '0001', 'เครื่องปั่นผสมยา', '6530-028-0001'),
(1180, '65', '6530', '028', '0002', 'เครื่องปั่นผสมยา', '6530-028-0002'),
(1181, '65', '6530', '028', '0004', 'เครื่องปั่นยาน้ำพร้อมถัง', '6530-028-0004'),
(1182, '65', '6530', '029', '0001', 'เครื่องปิดขวดน้ำเกลือแบบไฟฟ้า', '6530-029-0001'),
(1183, '65', '6530', '030', '0001', 'ที่หนีบฝาขวดยาฉีด', '6530-030-0001'),
(1184, '65', '6530', '031', '0001', 'ตู้เก็บเครื่องมือ ชนิด 2 ตอน', '6530-031-0001'),
(1185, '65', '6530', '031', '0002', 'ตู้เย็นสำหรับเก็บวัคซีน 35 คิว', '6530-031-0002'),
(1186, '65', '6530', '031', '0003', 'ตู้เย็นเก็บเลือดขนาดใหญ่', '6530-031-0003'),
(1187, '65', '6530', '031', '0004', 'ตู้เย็นเก็บเวชภัณฑ์ 3 ประตูขนาด 5.6 คิว', '6530-031-0004'),
(1188, '65', '6530', '031', '0005', 'ตู้ข้างเตียง', '6530-031-0005'),
(1189, '65', '6530', '031', '0006', 'ตู้ข้างเตียงสเตนเลส', '6530-031-0006'),
(1190, '65', '6530', '032', '0001', 'เครื่องกรองอากาศให้ปราศจากเชื้อ', '6530-032-0001'),
(1191, '65', '6530', '032', '0002', 'เครื่องกรองอากาศให้ปราศจากเชื้อแบบแนวตั้ง', '6530-032-0002'),
(1192, '65', '6530', '033', '0001', 'แร็ควางแขนติดข้างเตียงผ่าตัด', '6530-033-0001'),
(1193, '65', '6530', '034', '0001', 'ตะแกรงล้างแผล', '6530-034-0001'),
(1194, '65', '6530', '034', '1001', 'โต๊ะคร่อมเตียงบุฟอร์มิก้า [โต๊ะคร่อมเตียงผู้ป่วย]', '6530-034-1001'),
(1195, '65', '6530', '034', '2001', 'โต๊ะวางเครื่องมือแพทย์ชนิดโค้ง [circular instrument table]', '6530-034-2001'),
(1196, '65', '6530', '034', '3001', 'โต๊ะวางเครื่องมือเมโย [mayo instrument table]', '6530-034-3001'),
(1197, '65', '6530', '034', '4001', 'โต๊ะคร่อมเตียงผ่าตัดสมอง', '6530-034-4001'),
(1198, '65', '6530', '035', '0001', 'ถังออกซิเจน', '6530-035-0001'),
(1199, '65', '6530', '035', '0002', 'โครงวางอ่างคู่มีชั้นวางของ', '6530-035-0002'),
(1200, '65', '6530', '036', '0001', 'ถังกลมมีฝาปิด-เปิดด้วยเท้า', '6530-036-0001'),
(1201, '65', '6530', '037', '0002', 'เครื่องชั่งน้ำหนักเด็กชนิดนอน', '6530-037-0002'),
(1202, '65', '6530', '038', '0030', 'หม้อใส่สำลีและผ้าพันแผลขนาดเส้นผ่าศูนย์กลาง 30 ซม.', '6530-038-0030'),
(1203, '65', '6530', '039', '0001', 'เสาให้น้ำเกลือ ทำด้วยเหล็ก [เสาให้น้ำเกลือ ทำด้วยเหล็ก]', '6530-039-0001'),
(1204, '65', '6530', '039', '0002', 'เสาน้ำเกลือสเตนเลส [เสาให้น้ำเกลือ ทำด้วยสเตนเลส]', '6530-039-0002'),
(1205, '65', '6530', '039', '0003', 'เครื่องลับสิ่งคมทางการแพทย์', '6530-039-0003'),
(1206, '65', '6530', '040', '0001', 'เครื่องกรองและบรรจุยาฉีด', '6530-040-0001'),
(1207, '65', '6530', '040', '1001', 'หม้อต้มเครื่องมือใช้แก๊ส', '6530-040-1001'),
(1208, '65', '6530', '040', '2001', 'หม้อต้มเครื่องมือใช้ไฟฟ้า', '6530-040-2001'),
(1209, '65', '6530', '041', '0001', 'เครื่องเปลี่ยนอุณหภูมิของน้ำ', '6530-041-0001'),
(1210, '65', '6530', '041', '0020', 'หม้อใส่สำลีและผ้าพันแผลขนาดเส้นผ่าศูนย์กลาง 20 ซม.', '6530-041-0020'),
(1211, '65', '6530', '041', '0025', 'หม้อใส่สำลีและผ้าพันแผลขนาดเส้นผ่าศูนย์กลาง 25 ซม.', '6530-041-0025'),
(1212, '65', '6530', '042', '0001', 'เครื่องดูดโลหะพร้อมบัดกรี', '6530-042-0001'),
(1213, '65', '6530', '043', '0001', 'หุ่นฝึกปฏิบัติช่วยชีวิตผู้ใหญ่แบบช็อตไฟฟ้า', '6530-043-0001'),
(1214, '65', '6530', '043', '0002', 'หุ่นฝึกหัดช่วยชีวิตเด็ก', '6530-043-0002'),
(1215, '65', '6530', '043', '0003', 'หุ่นฝึกตรวจเต้านม', '6530-043-0003'),
(1216, '65', '6530', '043', '0004', 'ถังสแตนเลส 550 ลิตร', '6530-043-0004'),
(1217, '65', '6530', '043', '0005', 'ถังสเตนเลส 50 ลิตร พร้อมฝา', '6530-043-0005'),
(1218, '65', '6530', '043', '0006', 'ถังสเตนเลส 150 ลิตร มีหู พร้อมฝาปิดและขาตั้ง มีก๊อก', '6530-043-0006'),
(1219, '65', '6530', '043', '0007', 'ถังสเตนเลส 10 ลิตร มีฝาปิด และที่จับยกภายในมีขีดแบ่งปริมาตร', '6530-043-0007'),
(1220, '65', '6530', '043', '0008', 'ถังเหล็กสแตนเลสพร้อมฐานทำด้วยเหล็กสเตนเลสพร้อมล้อไนลอนขนาด 4 นิ้ว', '6530-043-0008'),
(1221, '65', '6530', '045', '0001', 'ตู้ปลอดเชื้อ compact biohazard', '6530-045-0001'),
(1222, '65', '6530', '045', '0002', 'เครื่องปรับกระแสไฟฟ้าเครื่องเอกซเรย์', '6530-045-0002'),
(1223, '65', '6530', '046', '0001', 'ตู้อบฆ่าเชื้อด้วยแก๊สเอทธิลีน', '6530-046-0001'),
(1224, '65', '6530', '046', '0002', 'เครื่องอบฆ่าเชื้อด้วยความร้อนแห้ง', '6530-046-0002'),
(1225, '65', '6530', '047', '0001', 'เครื่องบรรจุยาน้ำ', '6530-047-0001'),
(1226, '65', '6530', '048', '0001', 'แท้งค์ไนโตรเจน 2000 ปอนด์', '6530-048-0001'),
(1227, '65', '6530', '051', '0001', 'ตู้อบสายเครื่องช่วยหายใจให้แห้ง', '6530-051-0001'),
(1228, '65', '6530', '052', '0001', 'แผ่นเคลื่อนย้ายผู้ป่วย', '6530-052-0001'),
(1229, '65', '6530', '052', '0002', 'เปลตักผู้ป่วย', '6530-052-0002'),
(1230, '65', '6530', '052', '0003', 'เปลตักผู้ป่วย (เปลหามผู้ป่วยชนิดประกอบได้)', '6530-052-0003'),
(1231, '65', '6530', '053', '0001', 'wire catter 23 cm.', '6530-053-0001'),
(1232, '65', '6530', '054', '0001', 'เครื่องนับเม็ดยาอัตโนมัต', '6530-054-0001'),
(1233, '65', '6530', '056', '0001', 'เครื่องล้างอุปกรณ์ส่องตรวจอัตโนมัติautomatic washing and drying apara', '6530-056-0001'),
(1234, '65', '6530', '056', '0002', 'เครื่องล้างเครื่องมืออัตโนมัติ automatic washing- drying infection instrument', '6530-056-0002'),
(1235, '65', '6530', '059', '0001', 'เครื่องทำยาเม็ดแคปซูล', '6530-059-0001'),
(1236, '65', '6530', '060', '0001', 'เครื่องบดผงสมุนไพร', '6530-060-0001'),
(1237, '65', '6530', '061', '0001', 'เครื่องร่อนผงสมุนไพร', '6530-061-0001'),
(1238, '65', '6530', '062', '0001', 'ตู้อบสมุนไพร', '6530-062-0001'),
(1239, '65', '6530', '063', '0001', 'เก้าอี้ทันตแพทย์', '6530-063-0001'),
(1240, '65', '6530', '063', '0002', 'เก้าอี้นวดแผนไทยพร้อมเก้าอี้', '6530-063-0002'),
(1241, '65', '6530', '064', '0001', 'เก้าอี้สำหรับแพทย์นั่งผ่าตัด หู คอ จมูก', '6530-064-0001'),
(1242, '65', '6530', '065', '0001', 'เครื่องมือทำความสะอาดเครื่องมือผ่าตัด', '6530-065-0001'),
(1243, '65', '6530', '066', '0001', 'ท่อไนตรัสออกไซค์ พร้อมบรรจุแก๊ส', '6530-066-0001');
INSERT INTO `fsn` (`id`, `group_id`, `class_id`, `type_id`, `description`, `name`, `fsn_number`) VALUES
(1244, '65', '6530', '067', '0001', 'เครื่องชั่งน้ำหนักตัวและตรวจวัดไขมันในร่างกาย', '6530-067-0001'),
(1245, '65', '6530', '068', '0001', 'มิเตอร์วัดระดับความดังของเสียง', '6530-068-0001'),
(1246, '66', '6630', '017', '0001', 'hand held dispenser', '6630-017-0001'),
(1247, '66', '6630', '018', '0001', 'desicator', '6630-018-0001'),
(1248, '66', '6630', '019', '0001', 'เครื่องซิลถุงพลาสติก', '6630-019-0001'),
(1249, '66', '6630', '021', '0001', 'เครื่องปั่นตกตะกอนขนาดใหญ่', '6630-021-0001'),
(1250, '66', '6630', '021', '0002', 'เครื่องปั่นตกตะกอนชนิดความเร็วคงที่', '6630-021-0002'),
(1251, '66', '6630', '022', '0001', 'เครื่องอุ่นสารด้วยความร้อนแห้ง (dry bath)', '6630-022-0001'),
(1252, '66', '6630', '023', '0001', 'electrophoresis helena,', '6630-023-0001'),
(1253, '66', '6630', '024', '0001', 'hot plate round', '6630-024-0001'),
(1254, '66', '6630', '025', '0001', 'ตู้อบความร้อนแห้งขนาดกลาง (hot air oven)', '6630-025-0001'),
(1255, '66', '6630', '026', '0001', 'micropipette 8 channel 5-50 ml.', '6630-026-0001'),
(1256, '66', '6630', '027', '0001', 'ชุดอ่านไมโครเพลต', '6630-027-0001'),
(1257, '66', '6630', '028', '0001', 'magnehc strier thermoter', '6630-028-0001'),
(1258, '66', '6630', '030', '0001', 'เครื่องวัดความเป็นกรด ด่าง', '6630-030-0001'),
(1259, '66', '6630', '031', '0001', 'โรเตเตอร์ ดีเอสอาร์ 2800 วี', '6630-031-0001'),
(1260, '66', '6630', '032', '0001', 'เครื่องตรวจความถ่วงจำเพาะของปัสสาวะ', '6630-032-0001'),
(1261, '66', '6630', '033', '0001', 'stopwath citzen 60 sec', '6630-033-0001'),
(1262, '66', '6630', '034', '0001', 'spec trophotometer poleman', '6630-034-0001'),
(1263, '66', '6630', '035', '0001', 'timer ge 120 min', '6630-035-0001'),
(1264, '66', '6630', '036', '0001', 'vacuum pump, coleman', '6630-036-0001'),
(1265, '66', '6630', '037', '0001', 'water bath hythermco', '6630-037-0001'),
(1266, '66', '6630', '038', '0001', 'เครื่องปั่นตกตะกอนของเม็ดเลือดแดง', '6630-038-0001'),
(1267, '66', '6630', '039', '0001', 'เครื่องปั่นของเหลวให้ตกตะกอน', '6630-039-0001'),
(1268, '66', '6630', '039', '0002', 'เครื่องปั่นเหวี่ยงตกตะกอน', '6630-039-0002'),
(1269, '66', '6630', '040', '0001', 'ตู้อบเพราะเชื้อ ยี่ห้อ hereus', '6630-040-0001'),
(1270, '66', '6630', '040', '0002', 'ตู้ปรับอุณหภูมิชนิดใช้คาร์บอนฯ', '6630-040-0002'),
(1271, '66', '6630', '042', '0001', 'ตู้เย็นเก็บศพชนิด 2 ศพ', '6630-042-0001'),
(1272, '66', '6630', '042', '0002', 'ตู้แช่ศพชนิด 1 ศพ', '6630-042-0002'),
(1273, '66', '6630', '043', '0001', 'เครื่องทำความสะอาดเครื่องแก้ว', '6630-043-0001'),
(1274, '66', '6630', '044', '0001', 'เครื่องนับจำนวนโคโลนี', '6630-044-0001'),
(1275, '66', '6630', '045', '0001', 'เครื่องนับแยกชนิดเม็ดโลหิต (digicount)', '6630-045-0001'),
(1276, '66', '6630', '046', '0001', 'ตะเกียงบุนเสน', '6630-046-0001'),
(1277, '66', '6630', '047', '0001', 'เครื่องวัดการแข็งตัวของเลือด', '6630-047-0001'),
(1278, '66', '6630', '049', '0001', 'เครื่องอุ่นเลือด', '6630-049-0001'),
(1279, '66', '6630', '051', '0001', 'ตู้เก็บรักษาเกร็ดเลือดอุณหภูมิคงที่', '6630-051-0001'),
(1280, '66', '6630', '052', '0001', 'เครื่องตรวจหาสารเคมีอัตโนมัติ', '6630-052-0001'),
(1281, '66', '6630', '055', '0001', 'เครื่องตรวจอเลิคโตร โฟรีซีสอัตโนมัติ', '6630-055-0001'),
(1282, '66', '6630', '056', '0007', 'เครื่องวัดความขุ่นของเชื้อ', '6630-056-0007'),
(1283, '66', '6650', '002', '0001', 'กล้องจุลทรรศน์ 2 ตา', '6650-002-0001'),
(1284, '66', '6650', '002', '0002', 'กล้องจุลทรรศน์ ฟลูออเรสเซนต์', '6650-002-0002'),
(1285, '66', '6650', '002', '0003', 'กล้องจุลทรรศน์ ชนิด 5 ตา กล้องจุลทรรศน์ พร้อมอุปกรณ์ชนิดดูได้พร้อมพร้อมกัน 2 คน และอุปกรณ์ถ่ายภาพ 1 ชุดพร้อม', '6650-002-0003'),
(1286, '66', '6650', '002', '2101', 'กล้องจุลทรรศน์สำหรับตรวจ ชนิดใช้แสง ส่องตาเดียว [uninocular light microscope]', '6650-002-2101'),
(1287, '66', '6650', '002', '2102', 'กล้องจุลทรรศน์ชนิด 2 ตา ชนิดคอมปาวด์', '6650-002-2102'),
(1288, '66', '6650', '002', '2104', 'กล้องจุลทรรศน์สำหรับตรวจ ชนิดใช้แสง ส่อง 2 ตา 2 ข้าง (4 ตา) [bilateral binocular light microscope]', '6650-002-2104'),
(1289, '66', '6650', '002', '2110', 'กล้องจุลทรรศน์สำหรับตรวจ ชนิด 10 ตา [multi - viewing microscope]', '6650-002-2110'),
(1290, '66', '6650', '002', '2120', 'กล้องจุลทรรศน์สำหรับตรวจ ชนิด 20 ตา [multi - viewing microscope]', '6650-002-2120'),
(1291, '66', '6650', '002', '2203', 'กล้องจุลทรรศน์สำหรับตรวจ ชนิดใช้แสง 3 ตา พร้อมอุปกรณ์ถ่ายภาพ [trinocular microscope with automatic camera]', '6650-002-2203'),
(1292, '66', '6650', '002', '2211', 'กล้องจุลทรรศน์สำหรับตรวจ ชนิด 11 ตา พร้อมอุปกรณ์ถ่ายภาพ [multi - viewing microscope with automatic camara]', '6650-002-2211'),
(1293, '66', '6650', '002', '2221', 'กล้องจุลทรรศน์สำหรับตรวจ ชนิด 21 ตา พร้อมอุปกรณ์ถ่ายภาพ [multi - viewing microscope with automatic camara]', '6650-002-2221'),
(1294, '66', '6650', '002', '3102', 'กล้องจุลทรรศน์สำหรับตรวจ ชนิด 2 ตา พร้อมอุปกรณ์ฟลูออเรสเซนซ์ [binocular fluorescence microscope]', '6650-002-3102'),
(1295, '66', '6650', '002', '3104', 'กล้องจุลทรรศน์สำหรับตรวจ ชนิด 4 ตา พร้อมอุปกรณ์ฟลูออเรสเซนซ์ [กล้องจุลทรรศน์สำหรับตรวจ ชนิด 4 ตา พร้อมอุปกรณ์]', '6650-002-3104'),
(1296, '66', '6650', '002', '3203', 'กล้องจุลทรรศน์สำหรับตรวจ ชนิด 3 ตา พร้อมอุปกรณ์ฟลูออเรสเซนซ์ และอุปกรณ์ถ่ายภาพ [epifluorescence microscope with automatic camera]', '6650-002-3203'),
(1297, '66', '6650', '002', '3205', 'กล้องจุลทรรศน์ ชนิด 5 ตา', '6650-002-3205'),
(1298, '66', '6650', '002', '4102', 'กล้องสเตอริโอ ชนิด 2 ตา มีเลนส์ซูม [stereoscopic microscope]', '6650-002-4102'),
(1299, '66', '6650', '002', '5102', 'hand-held slit lamp', '6650-002-5102'),
(1300, '66', '6650', '002', '6203', 'กล้องตรวจ และถ่ายรูปจอประสาทตา ชนิด 3 ตา [fundus camera]', '6650-002-6203'),
(1301, '66', '6670', '002', '0002', 'เครื่องชั่งน้ำหนักชนิดยืน', '6670-002-0002'),
(1302, '66', '6670', '002', '0003', 'เครื่องชั่งนำหนักเด็กแบบนอน รุ่น 1583', '6670-002-0003'),
(1303, '67', '6710', '004', '0004', 'กล้องถ่ายรูปดิจิตอล', '6710-004-0004'),
(1304, '67', '6710', '004', '0006', 'กล้องถ่ายวีดีโอดิจิตอล', '6710-004-0006'),
(1305, '67', '6720', '005', '0004', 'กล้องถ่ายรูปดิจิตอล', '6720-005-0004'),
(1306, '67', '6720', '006', '0001', 'เครื่องพิมพ์ภาพถ่าย', '6720-006-0001'),
(1307, '67', '6720', '008', '0001', 'กล้องถ่ายเอกสาร', '6720-008-0001'),
(1308, '67', '6730', '006', '0005', 'เครื่องเล่นเทป cd-vcd', '6730-006-0005'),
(1309, '67', '6730', '011', '0001', 'เครื่องถ่ายทอดสัญญาณภาพสามมิติ', '6730-011-0001'),
(1310, '67', '6730', '012', '0003', 'เครื่องฉายภาพสามมิติ', '6730-012-0003'),
(1311, '67', '6730', '014', '0001', 'เครื่องฉายวีดีโอโปรเจคเตอร์', '6730-014-0001'),
(1312, '67', '6730', '047', '0001', 'เครื่องฉายภาพข้ามศีรษะ รุ่น cx-500#0210521', '6730-047-0001'),
(1313, '71', '7110', '001', '0007', 'ตู้ไม้ทั้งหลัง', '7110-001-0007'),
(1314, '71', '7110', '002', '0001', 'ตู้เหล็กเก็บเอกสาร 2 บานเปิด', '7110-002-0001'),
(1315, '71', '7110', '002', '0003', 'ชั้นเก็บบัตรผู้ป่วย', '7110-002-0003'),
(1316, '71', '7110', '002', '0004', 'ตุ้เหล็กเก็ลเอกสาร 3 ลิ้นชัก', '7110-002-0004'),
(1317, '71', '7110', '002', '0007', 'ตู้เหล็กเก็บเอกสาร 15 ล้นชัก', '7110-002-0007'),
(1318, '71', '7110', '002', '0008', 'ตู้เหล็กล็อกเกอร์ 12 ช่อง', '7110-002-0008'),
(1319, '71', '7110', '002', '0009', 'ตู้วางน้ำเกลือไม้', '7110-002-0009'),
(1320, '71', '7110', '002', '0013', 'ตู้เหล็กเก็บแฟ้ม 20 ช่อง', '7110-002-0013'),
(1321, '71', '7110', '002', '0014', 'ตู้เหล็กล็อกเกอร์ 9 ช่อง', '7110-002-0014'),
(1322, '71', '7110', '002', '0018', 'ตู้เหล็กกระจกบานเลื่อนตอนบนมีฐาน', '7110-002-0018'),
(1323, '71', '7110', '002', '0019', 'ตู้ลอยโครงอลูมิเนียม', '7110-002-0019'),
(1324, '71', '7110', '002', '0025', 'ตู้โครงอลูมิเนียมกระจกบานเลื่อน', '7110-002-0025'),
(1325, '71', '7110', '002', '0038', 'ตู้ไม้ทึบพื้นบนปูกระเบื้องเคลือบ', '7110-002-0038'),
(1326, '71', '7110', '002', '0041', 'ตู้เหล็กเก็บแฟ้ม 4 ชั้น 28 ช่อง', '7110-002-0041'),
(1327, '71', '7110', '002', '0042', 'ตู้เหล็กเก็บเอกสารกระจกบานเลื่อน 4 ชั้น', '7110-002-0042'),
(1328, '71', '7110', '004', '0001', 'ตู้นิรภัย', '7110-004-0001'),
(1329, '71', '7110', '006', '0007', 'เก้าอี้พับได้บุนวม', '7110-006-0007'),
(1330, '71', '7110', '006', '0019', 'เก้าอี้บาร์ไม่มีพนักพิง', '7110-006-0019'),
(1331, '71', '7110', '006', '0023', 'เก้าอี้บาร์ทรงสูง', '7110-006-0023'),
(1332, '71', '7110', '006', '0032', 'เก้าอี้บุนวมมีพนักพิงวางแขนหมุนได้', '7110-006-0032'),
(1333, '71', '7110', '006', '0034', 'เก้าอี้พลาสติกกลม', '7110-006-0034'),
(1334, '71', '7110', '006', '0039', 'เก้าอี้ประชุมพนักพิงสูง', '7110-006-0039'),
(1335, '71', '7110', '006', '0041', 'เก้าอี้พลาสติกมีพนักพิง', '7110-006-0041'),
(1336, '71', '7110', '006', '0042', 'เก้าอี้พลาสติกแถวชุด 4 ที่นั่ง', '7110-006-0042'),
(1337, '71', '7110', '007', '0001', 'โต๊ะทำงานเหล็ก 4 ฟุต [ตัว]', '7110-007-0001'),
(1338, '71', '7110', '007', '0006', 'โต๊ะคอมพิวเตอร์', '7110-007-0006'),
(1339, '71', '7110', '007', '0012', 'โต๊ะเอนกประสงค์บุโพเมก้า', '7110-007-0012'),
(1340, '71', '7110', '007', '0015', 'โต๊ะพับเหล็กขาตรง 4 หุต', '7110-007-0015'),
(1341, '71', '7110', '007', '0016', 'โต๊ะไม้สี่เหลี่ยม', '7110-007-0016'),
(1342, '71', '7110', '007', '0022', 'โต๊ะทำงานเหล็ก 3 ฟุต', '7110-007-0022'),
(1343, '71', '7110', '007', '0023', 'โต๊ะประชุมไม้', '7110-007-0023'),
(1344, '71', '7110', '007', '0032', 'โต๊ะทำงานไม้', '7110-007-0032'),
(1345, '71', '7110', '007', '0040', 'โต๊ะประชุมโครงเหล็กครึ่งวงกลม', '7110-007-0040'),
(1346, '71', '7110', '007', '0041', 'โต๊ะเหล็กคอมพิวเตอร์', '7110-007-0041'),
(1347, '71', '7110', '007', '0042', 'โต๊ะประชุมไม้แบบโค้ง', '7110-007-0042'),
(1348, '71', '7110', '007', '0043', 'โต๊ะวางอุปกรณ์เตรียมอาหารสแตนเลส', '7110-007-0043'),
(1349, '71', '7110', '013', '0012', 'เตียงนอนสำหรับญาติผู้ป่วย', '7110-013-0012'),
(1350, '71', '7110', '013', '0013', 'เตียงนอนสำหรับญาติผู้ป่วย', '7110-013-0013'),
(1351, '71', '7110', '013', '0015', 'เตียงนอนไม้พร้อมฉากกั้นห้อง', '7110-013-0015'),
(1352, '71', '7110', '016', '0002', 'ชั้นวางของฌครงเหล็ก', '7110-016-0002'),
(1353, '71', '7110', '016', '0005', 'ชั้นไม้วางของ 4 ชั้น สูง 1.5x0.80 ม.', '7110-016-0005'),
(1354, '71', '7110', '016', '0022', 'ชั้นวางเอกสารเห,ก 5 ชั้น', '7110-016-0022'),
(1355, '71', '7110', '016', '0029', 'ชั้นวางกระถางต้นไม้', '7110-016-0029'),
(1356, '71', '7125', '001', '0002', 'ตู้ลอดไม้', '7125-001-0002'),
(1357, '71', '7195', '004', '0001', 'เคาน์เตอร์ไม้อัดสัก (โต๊ะประชาสัมพันธ์)', '7195-004-0001'),
(1358, '71', '7195', '004', '0002', 'เคาน์เตอร์เตรียมอาหารสเตนเลส', '7195-004-0002'),
(1359, '72', '7230', '001', '0001', 'ผ้าม่าน', '7230-001-0001'),
(1360, '72', '7230', '001', '0004', 'ม่านกันแมลงสีเหลืองใส', '7230-001-0004'),
(1361, '72', '7240', '004', '0001', 'ถังบีม็อบสแตนเลส', '7240-004-0001'),
(1362, '72', '7240', '004', '0002', 'ถังบีบม๊อบพร้อมชุด', '7240-004-0002'),
(1363, '72', '7290', '003', '0002', 'จักรเย็บผ้า รุ่น 2591 d300a', '7290-003-0002'),
(1364, '73', '7330', '005', '0001', 'เครื่องบดเนื้อแบบสายพาน', '7330-005-0001'),
(1365, '73', '7330', '012', '0003', 'ตู้อบไมโครเวฟ', '7330-012-0003'),
(1366, '73', '7330', '017', '0002', 'ซิงค์น้ำแบบ 3 หลุม สเตนเลส ขนาดยาว 290 ซม.ขนาดหลุม 60x7x40 ซม.พร้อมขาตั้ง', '7330-017-0002'),
(1367, '74', '7420', '001', '0001', 'เครื่องคำนวณเลขไฟฟ้า 12 หลัก', '7420-001-0001'),
(1368, '74', '7430', '001', '0013', 'เครื่องพิมพ์ดีดไฟฟ้า', '7430-001-0013'),
(1369, '74', '7430', '008', '0001', 'เครื่องพิมพ์สำเนาอัตโนมัติ', '7430-008-0001'),
(1370, '74', '7430', '009', '0001', 'เครื่องทำลายเอกสาร', '7430-009-0001'),
(1371, '74', '7440', '001', '0001', 'เครื่องไมโครคอมพิวเตอร์ [เครื่อง]', '7440-001-0001'),
(1372, '74', '7440', '001', '0002', 'โน้ตบุ๊ค [เครื่อง]', '7440-001-0002'),
(1373, '74', '7440', '001', '0003', 'เครื่องคอมพิวเตอร์ทำหน้าที่แม่ข่ายระดับสูง [เครื่อง]', '7440-001-0003'),
(1374, '74', '7440', '001', '0004', 'เครื่องพิมพ์คอมพิวเตอร์ epson lq300+ [เครื่อง]', '7440-001-0004'),
(1375, '74', '7440', '001', '0005', 'จอคอมพิวเตอร์ lcd 15 นิ้ว  [เครื่อง]', '7440-001-0005'),
(1376, '74', '7440', '001', '0006', 'terminal server [เครื่อง]', '7440-001-0006'),
(1377, '74', '7440', '001', '0007', 'เครื่องคอมพิวเตอร์แม่ข่ายทั่วไป [เครื่อง]', '7440-001-0007'),
(1378, '74', '7440', '001', '0008', 'เครื่องคอมพิวเตอร์แม่ข่ายระดับสูง [เครื่อง]', '7440-001-0008'),
(1379, '74', '7440', '001', '0009', 'printer dotmatrix epson lq-300+', '7440-001-0009'),
(1380, '74', '7440', '001', '0013', 'printer laser jet 2200 พร้อมสาร us', '7440-001-0013'),
(1381, '74', '7440', '001', '0016', 'printer lotmatrix epson lq-2080', '7440-001-0016'),
(1382, '74', '7440', '001', '0017', 'printer laser jet hp 2300', '7440-001-0017'),
(1383, '74', '7440', '001', '0021', 'เครื่องพิมพ์คอมพิวเตอร์เลเซอร์', '7440-001-0021'),
(1384, '74', '7440', '001', '020-', 'เครื่องพิมพ์แบบ laser', '7440-001-020-'),
(1385, '74', '7440', '002', '0001', 'เครื่องสำรองไฟฟ้า 600 va', '7440-002-0001'),
(1386, '74', '7440', '002', '0003', 'เครื่องสำรองไฟ 1000 va', '7440-002-0003'),
(1387, '74', '7440', '002', '0004', 'เครื่องสำรองไฟ 750 va', '7440-002-0004'),
(1388, '74', '7440', '002', '0006', 'ups กันไฟกระชาก', '7440-002-0006'),
(1389, '74', '7440', '002', '0007', 'เครื่องสำรองไฟ 2 kva. รุ่นlmart', '7440-002-0007'),
(1390, '74', '7440', '003', '0005', 'เครื่องคอมพิวเตอร์กระเป๋าหิ้ว', '7440-003-0005'),
(1391, '74', '7440', '004', '0001', 'intelligent remote gateway', '7440-004-0001'),
(1392, '74', '7440', '004', '0002', 'cd-rom server', '7440-004-0002'),
(1393, '74', '7440', '004', '0003', 'เครื่องไมโครคอมพิวเตอร์', '7440-004-0003'),
(1394, '74', '7440', '005', '0001', 'proxy server', '7440-005-0001'),
(1395, '74', '7440', '010', '0001', 'consultation workstation', '7440-010-0001'),
(1396, '74', '7440', '010', '0002', 'switch', '7440-010-0002'),
(1397, '74', '7440', '010', '0003', 'router', '7440-010-0003'),
(1398, '74', '7440', '010', '0004', 'core switch', '7440-010-0004'),
(1399, '74', '7440', '010', '0005', 'distribution switch', '7440-010-0005'),
(1400, '74', '7440', '010', '0006', 'workgroup switch', '7440-010-0006'),
(1401, '74', '7440', '010', '0007', 'access point [เครื่อง]', '7440-010-0007'),
(1402, '74', '7440', '011', '0001', 'เครื่องพล็อตเตอร์', '7440-011-0001'),
(1403, '74', '7440', '011', '0003', 'เครื่องคอมพิวเตอร์แม่ข่ายทั่วไป [เครื่อง]', '7440-011-0003'),
(1404, '74', '7440', '012', '0001', 'โมเด็มชนิดติดตั้งภายนอก', '7440-012-0001'),
(1405, '74', '7440', '012', '0002', 'โมเด็มชนิดติดตั้งภายใน', '7440-012-0002'),
(1406, '74', '7440', '013', '0001', 'แบบกระเป๋าหิ้ว', '7440-013-0001'),
(1407, '74', '7440', '014', '0001', 'เครื่องปรับระดับกระแสไฟฟ้ากระแสสลับ ขนาด 500 va 220 volt', '7440-014-0001'),
(1408, '74', '7440', '014', '0004', 'เครื่อง scaner', '7440-014-0004'),
(1409, '74', '7440', '015', '0001', 'scanner ชนิดขาวดำ', '7440-015-0001'),
(1410, '74', '7440', '015', '0002', 'scanner ชนิดสี', '7440-015-0002'),
(1411, '74', '7440', '015', '0003', 'finger scanner', '7440-015-0003'),
(1412, '74', '7440', '015', '0007', 'เครื่องสแกนเนอร์ ขาว ดำ [เครื่อง]', '7440-015-0007'),
(1413, '74', '7440', '017', '0001', 'แบบมีแตเตอรี่สำรองไฟฟ้าได้ไม่น้อยกว่า 15 นาที', '7440-017-0001'),
(1414, '74', '7440', '017', '0002', 'แบบมีแตเตอรี่สำรองไฟฟ้าได้ไม่น้อยกว่า 20 นาที', '7440-017-0002'),
(1415, '74', '7440', '017', '0003', 'แบบมีแตเตอรี่สำรองไฟฟ้าได้ไม่น้อยกว่า 30 นาที', '7440-017-0003'),
(1416, '74', '7440', '017', '0007', 'แบบมีแตเตอรี่สำรองไฟฟ้าได้ไม่น้อยกว่า 30 นาที', '7440-017-0007'),
(1417, '74', '7440', '018', '0001', 'โมเด็มชนิดติดตั้งภายนอก', '7440-018-0001'),
(1418, '74', '7440', '018', '0002', 'โมเด็มชนิดติดตั้งภายใน', '7440-018-0002'),
(1419, '74', '7440', '019', '0001', 'printer', '7440-019-0001'),
(1420, '74', '7440', '020', '0001', 'เครื่องพิมพ์ dot matrix', '7440-020-0001'),
(1421, '74', '7440', '020', '0002', 'เครื่องพิมพ์แบบเลเซอร์ (laser)', '7440-020-0002'),
(1422, '74', '7440', '020', '0003', 'เครื่องพิมพ์แบบฉีดหมึก (ink jet)', '7440-020-0003'),
(1423, '74', '7440', '020', '0004', 'เครื่องพิมพ์', '7440-020-0004'),
(1424, '74', '7440', '020', '0006', 'เครื่องพิมพ์แบบฉีดหมึก (inkjet printer)', '7440-020-0006'),
(1425, '74', '7440', '021', '0001', 'เครื่องฉายภาพเชื่อมต่อกับคอมพิวเตอร์', '7440-021-0001'),
(1426, '74', '7440', '021', '0002', 'ตัวแปลงสัญญาณคอมพิวเตอร์เป็นทีวี', '7440-021-0002'),
(1427, '74', '7440', '021', '0004', 'เครื่องฉายภาพเชื่อมต่อกับคอมพิวเตอร์', '7440-021-0004'),
(1428, '74', '7440', '022', '0000', 'เครื่องสำรองไฟฟ้า (ups)', '7440-022-0000'),
(1429, '74', '7440', '022', '0001', 'ups', '7440-022-0001'),
(1430, '74', '7440', '023', '0001', 'เครื่องอ่านและบันทึกข้อมูล cd', '7440-023-0001'),
(1431, '74', '7440', '025', '0002', 'modem', '7440-025-0002'),
(1432, '74', '7440', '025', '0004', 'data modem', '7440-025-0004'),
(1433, '74', '7440', '026', '0001', 'เครื่อง scanner', '7440-026-0001'),
(1434, '74', '7440', '026', '0002', 'เครื่องอ่านบัตรอิเลคโทรนิคก์', '7440-026-0002'),
(1435, '74', '7440', '028', '0001', 'multiprotocal bridge', '7440-028-0001'),
(1436, '74', '7440', '028', '0002', 'ethernet bridge', '7440-028-0002'),
(1437, '74', '7440', '028', '0003', 'hub 3 com', '7440-028-0003'),
(1438, '74', '7440', '028', '0004', 'switching hub', '7440-028-0004'),
(1439, '74', '7440', '028', '0007', 'remote access', '7440-028-0007'),
(1440, '74', '7440', '030', '0001', 'โปรแกรมสำเร็จรูป', '7440-030-0001'),
(1441, '74', '7440', '030', '0002', 'โปรแกรมระบบงาน', '7440-030-0002'),
(1442, '74', '7440', '030', '0003', 'microsoft window me/le', '7440-030-0003'),
(1443, '74', '7440', '030', '0004', 'microsoft window 2000', '7440-030-0004'),
(1444, '74', '7440', '030', '0005', 'microsoft window xp', '7440-030-0005'),
(1445, '74', '7440', '030', '0006', 'microsoft window 2003', '7440-030-0006'),
(1446, '74', '7440', '030', '0007', 'ชุดโปรแกรมมัลติมีเดีย', '7440-030-0007'),
(1447, '74', '7440', '030', '0008', 'โปรแกรมระบบงานห้องบัตร', '7440-030-0008'),
(1448, '74', '7440', '030', '0009', 'โปรแกรมระบบงานผู้ป่วยนอก', '7440-030-0009'),
(1449, '74', '7440', '030', '0010', 'โปรแกรมระบบงานห้องยา', '7440-030-0010'),
(1450, '74', '7440', '030', '0011', 'โปรแกรมระบบงานห้องเก็บเงิน', '7440-030-0011'),
(1451, '74', '7440', '030', '0012', 'โปรแกรมระบบงานผู้ป่วยใน', '7440-030-0012'),
(1452, '74', '7440', '030', '0013', 'โปรแกรมระบบงานห้องส่งเสริมสุขภาพ', '7440-030-0013'),
(1453, '74', '7440', '030', '0014', 'โปรแกรมระบบงานห้องสุขาภิบาล', '7440-030-0014'),
(1454, '74', '7440', '030', '0015', 'โปรแกรมระบบงานห้องบริหาร', '7440-030-0015'),
(1455, '74', '7440', '030', '0016', 'โปรแกรมระบบบัญชีเกณฑ์คงค้าง mpi', '7440-030-0016'),
(1456, '74', '7440', '031', '0001', 'สาย fiber optic', '7440-031-0001'),
(1457, '74', '7441', '001', '0002', 'เครื่องพิมพ์คอมพิวเตอร์', '7441-001-0002'),
(1458, '74', '7441', '001', '0009', 'เครื่องพิมพ์คอมพิวเตอร์', '7441-001-0009'),
(1459, '74', '7441', '001', '0013', 'เครื่องพิมพ์คอมพิวเตอร์ laser 2200', '7441-001-0013'),
(1460, '74', '7441', '001', '0016', 'เครื่องพิมพ์คอมพิวเตอร์ lq-2080i', '7441-001-0016'),
(1461, '74', '7441', '001', '0017', 'เครื่องพิมพ์คอมเลเซอร์ jet 2300 hp', '7441-001-0017'),
(1462, '74', '7441', '001', '0019', 'เครื่องพิมพ์คอมแคร่สั้น dotmatrix lq-580', '7441-001-0019'),
(1463, '74', '7441', '001', '0020', 'printer laser hp 1010', '7441-001-0020'),
(1464, '74', '7441', '001', '0021', 'เครื่พิมพ์คอมพิวเตอร์เลเซอร์เจท 1300', '7441-001-0021'),
(1465, '74', '7441', '001', '0022', 'เครื่องพิมพ์คอมพิวเตอร์', '7441-001-0022'),
(1466, '74', '7441', '001', '0023', 'เครื่องพิมพ์คอมพิวเตอร์', '7441-001-0023'),
(1467, '74', '7441', '002', '0001', 'scanner lide 20', '7441-002-0001'),
(1468, '74', '7441', '002', '0003', 'เครื่องอ่านบาร์โค๊ต', '7441-002-0003'),
(1469, '74', '7441', '003', '0001', 'เครื่องสแกนเนอร์', '7441-003-0001'),
(1470, '74', '7441', '003', '0002', 'เครื่องจัดเก็บเอกสารอิเล็กทรอนิกส์', '7441-003-0002'),
(1471, '74', '7450', '003', '0003', 'เครื่องเล่นเทประบบดิจิตอล', '7450-003-0003'),
(1472, '74', '7490', '015', '0001', 'เครื่องซิวพลาสติก', '7490-015-0001'),
(1473, '74', '7490', '015', '0002', 'เครื่องเคลือบบัตร', '7490-015-0002'),
(1474, '74', '7490', '016', '0001', 'เครื่องซิวปากถุงพลาสติกแบบเหยียบ 18 นิ้ว', '7490-016-0001'),
(1475, '74', '7490', '017', '0001', 'เครื่องตรวจคุณภาพน้ำ', '7490-017-0001'),
(1476, '74', '7490', '017', '0002', 'ปั้มคลอรีน', '7490-017-0002'),
(1477, '75', '7520', '005', '0002', 'เครื่องติดสติกเกอร์#am55034', '7520-005-0002'),
(1478, '75', '7520', '007', '0001', 'เครื่องยิงสติกเกอร์', '7520-007-0001'),
(1479, '76', '7610', '004', '0004', 'กล้องถ่ายรูปดิจิตอล i301', '7610-004-0004'),
(1480, '77', '7730', '002', '0001', 'วิทยุเทป', '7730-002-0001'),
(1481, '77', '7730', '002', '0010', 'เครื่องเล่นเทปพร้อมแอมป์ขยายและไมโครโฟน', '7730-002-0010'),
(1482, '77', '7730', '003', '0002', 'โทรทัศน์สี 14 นิ้ว', '7730-003-0002'),
(1483, '77', '7730', '003', '0003', 'โทรทัศน์สี 20 นิ้ว', '7730-003-0003'),
(1484, '77', '7730', '003', '0009', 'โทรทัศน์สั 21 นิ้ว พร้อมรีโมท (จอแบน)', '7730-003-0009'),
(1485, '77', '7730', '003', '0011', 'โทรทัศน์สี จอแบน 25 นิ้ว', '7730-003-0011'),
(1486, '77', '7730', '006', '0001', 'vdo cassette recorder', '7730-006-0001'),
(1487, '79', '7910', '003', '0004', 'เครื่องดูดฝุ่นไฟฟ้า 150 w', '7910-003-0004');

-- --------------------------------------------------------

--
-- Table structure for table `plan`
--

CREATE TABLE `plan` (
  `id` int(11) NOT NULL COMMENT 'ID',
  `year` varchar(4) NOT NULL COMMENT 'ปีงบประมาณ',
  `department_id` varchar(50) NOT NULL COMMENT 'แผนก/ฝ่าย',
  `user_id` int(11) NOT NULL COMMENT 'ผู้สร้าง',
  `create_date` date NOT NULL COMMENT 'วันที่สร้าง',
  `ref` text NOT NULL,
  `docs` text COMMENT 'เอกสาร'
) ENGINE=InnoDB DEFAULT CHARSET=utf8 COMMENT='แผนปีงบประมาณ';

--
-- Dumping data for table `plan`
--

INSERT INTO `plan` (`id`, `year`, `department_id`, `user_id`, `create_date`, `ref`, `docs`) VALUES
(39, '2560', 'thai', 1, '0000-00-00', 'Iz9_VFxUNU-iM0HjvK1ROa', NULL),
(40, '2559', 'dent', 1, '2018-01-26', 'CZpMJK_zBYH_Ziz9bYwUZW', NULL),
(41, '2560', 'lab', 1, '2018-01-26', 'WSP2wXhAYjg2qfVxUunpnq', NULL),
(42, '2561', 'IT', 1, '2018-02-02', 'yhU7VUWSwVgCWANeXU_r2m', NULL),
(43, '2558', 'IT', 1, '2018-02-02', 'zob0CG6xV6tycy1RGvbX9x', NULL);

-- --------------------------------------------------------

--
-- Table structure for table `plan_items`
--

CREATE TABLE `plan_items` (
  `id` int(11) NOT NULL COMMENT 'ID',
  `plan_id` int(11) NOT NULL,
  `year` int(11) NOT NULL COMMENT 'ปีงบประมาณ',
  `fsn_id` varchar(15) NOT NULL COMMENT 'รหัสวัสดุ',
  `price` double NOT NULL COMMENT 'ราคา',
  `docs` text COMMENT 'เอกสาร',
  `qty` int(11) NOT NULL COMMENT 'จำนวน',
  `qty_buy` int(11) DEFAULT NULL COMMENT 'ซื้อไปแล้วจำนวน',
  `total` double DEFAULT NULL COMMENT 'ราคารวม',
  `department_id` varchar(20) DEFAULT NULL COMMENT 'แผนกฝ่าย',
  `status` enum('Y','N') NOT NULL COMMENT 'สถานะการจัดซื้อ'
) ENGINE=InnoDB DEFAULT CHARSET=utf8 COMMENT='แผนปีงบประมาณ';

--
-- Dumping data for table `plan_items`
--

INSERT INTO `plan_items` (`id`, `plan_id`, `year`, `fsn_id`, `price`, `docs`, `qty`, `qty_buy`, `total`, `department_id`, `status`) VALUES
(85, 39, 2560, '0002-001-0007', 320, NULL, 2, NULL, NULL, 'thai', 'N'),
(86, 39, 2560, '7440-001-0001', 25000, NULL, 5, NULL, NULL, 'thai', 'N'),
(87, 42, 2561, '7440-001-0001', 2500, NULL, 2, NULL, NULL, 'IT', 'N');

-- --------------------------------------------------------

--
-- Table structure for table `profile`
--

CREATE TABLE `profile` (
  `id` int(11) NOT NULL,
  `user_id` int(11) NOT NULL,
  `fullanme` varchar(255) NOT NULL,
  `department_id` varchar(10) NOT NULL
) ENGINE=InnoDB DEFAULT CHARSET=utf8;

-- --------------------------------------------------------

--
-- Table structure for table `service`
--

CREATE TABLE `service` (
  `id` int(11) NOT NULL COMMENT 'รหัส',
  `technician_id` varchar(30) DEFAULT NULL COMMENT 'ส่งซ่อมแผนก',
  `date_error` date DEFAULT NULL COMMENT 'แจ้งซ่อม',
  `date_export` date DEFAULT NULL COMMENT 'ส่งซ่อม',
  `date_check` date DEFAULT NULL COMMENT 'รับคืน',
  `date_success` date DEFAULT NULL COMMENT 'ซ่อมเสร็จวันที่',
  `condition_error` varchar(255) DEFAULT NULL COMMENT 'อาอารเสีย',
  `repair` varchar(255) DEFAULT NULL COMMENT 'การแก้ไข',
  `type` enum('i','o') DEFAULT NULL COMMENT 'ส่งซ่อม',
  `dealer_id` int(11) DEFAULT NULL COMMENT 'ร้านซ่อม',
  `ref` varchar(255) DEFAULT NULL,
  `price` double DEFAULT NULL COMMENT 'ราคา',
  `asset_id` varchar(100) DEFAULT NULL,
  `user_id` int(11) DEFAULT NULL,
  `service_status_id` varchar(50) DEFAULT NULL COMMENT 'สถานะ',
  `service_department_id` varchar(50) DEFAULT NULL COMMENT 'แผนกช่าง',
  `service_type_id` varchar(2) DEFAULT NULL COMMENT 'ประเภทการซ่อม',
  `status` enum('receive','success','wait','send','destroy') NOT NULL COMMENT 'สถาณะการซ่อม',
  `in_not_repair` varchar(1) DEFAULT NULL COMMENT 'ซ่อมภายในได้หรือไม่ได้',
  `estimation_note` text COMMENT 'ความคิดเห็นของช่าง'
) ENGINE=InnoDB DEFAULT CHARSET=utf8;

-- --------------------------------------------------------

--
-- Table structure for table `status`
--

CREATE TABLE `status` (
  `id` varchar(20) NOT NULL,
  `name` varchar(200) NOT NULL COMMENT 'ชื่อสถานะ'
) ENGINE=InnoDB DEFAULT CHARSET=utf8 COMMENT='สถานะครุภัณฑ์';

--
-- Dumping data for table `status`
--

INSERT INTO `status` (`id`, `name`) VALUES
('await_dest', 'รอตัดจำหน่าย'),
('await_destroy', 'รอตัดจำหน่าย'),
('destroy', 'ตัดจำหน่าย'),
('fix', 'ส่งซ่อม'),
('ready', 'ใช้งาน');

-- --------------------------------------------------------

--
-- Table structure for table `uploads`
--

CREATE TABLE `uploads` (
  `upload_id` int(11) NOT NULL,
  `ref` varchar(50) DEFAULT NULL,
  `file_name` varchar(150) DEFAULT NULL COMMENT 'ชื่อไฟล์',
  `real_filename` varchar(150) DEFAULT NULL COMMENT 'ชื่อไฟล์จริง',
  `create_date` timestamp NULL DEFAULT CURRENT_TIMESTAMP,
  `type` int(11) DEFAULT NULL COMMENT 'ประเภท'
) ENGINE=InnoDB DEFAULT CHARSET=utf8;

--
-- Dumping data for table `uploads`
--

INSERT INTO `uploads` (`upload_id`, `ref`, `file_name`, `real_filename`, `create_date`, `type`) VALUES
(52, 'dtKm6u-BUFZfMAi4yX-QfY', 'mac-pro-2012-install.jpg', '18d33b5572237512e38b02c841ce6d75.jpg', '2019-01-17 05:03:52', NULL),
(53, 'dtKm6u-BUFZfMAi4yX-QfY', 'Screen Shot 2562-01-17 at 09.44.15.png', 'a64b65325cc0263760035ead3c4b682b.png', '2019-01-17 05:03:53', NULL),
(54, 'dtKm6u-BUFZfMAi4yX-QfY', 'Screen Shot 2562-01-17 at 11.09.22.png', '568ccdbdd918c56f34aa2f6b12372a9d.png', '2019-01-17 05:03:53', NULL),
(55, 'jSB3zQMf9JHQsMWxGpaKz6', 'mac-pro-2012-install.jpg', 'ed86b053636b077d39b22c9646d323fc.jpg', '2019-01-17 05:05:15', NULL),
(58, 'jSB3zQMf9JHQsMWxGpaKz6', 'Screen Shot 2562-01-17 at 09.44.15.png', '5aefb098fc23877bed85765688784c0b.png', '2019-01-17 05:15:39', NULL),
(61, '2ZhgV2FCFEKXNKsz4Cqu5T', 'Screen Shot 2562-01-17 at 11.09.22.png', '3f69697f8d666134da1b067d17b630cf.png', '2019-01-17 05:21:38', NULL),
(62, '2ZhgV2FCFEKXNKsz4Cqu5T', 'Screen Shot 2562-01-17 at 11.09.22.png', '3f69697f8d666134da1b067d17b630cf.png', '2019-01-17 05:21:38', NULL),
(63, 'eQ7JhUNEbLuzn6e3usjrZD', 'mac-pro-2012-install.jpg', 'a3cb611c38019a3faa479fc164659857.jpg', '2019-01-17 05:23:55', NULL),
(65, 'UthopLgIork8kG_X5ZkEhm', 'mac-pro-2012-install.jpg', 'eab78f3d40ef85b8e54b849d749a2bf2.jpg', '2019-01-17 05:25:19', NULL),
(66, 'O6inTSKoWPXMXL3SHaZ5aT', 'mbp13-space-select-201807.jpeg', 'bcafac9f46ab477cfca86e959eae3a42.jpeg', '2019-01-17 05:31:07', NULL),
(67, 'jkdTZcHD1hA_OR8El7pPD_', '62f1206e3092c2261438056ebd9eeaa5.jpg', '5317fa27f9862832ae06a33011780ab6.jpg', '2019-01-17 06:08:20', NULL),
(68, 'mWQl7bKdamKGnjXyNRrnQ6', 'mac-pro-2012-install.jpg', '164070f9109fad2c864777432ab067ea.jpg', '2019-01-17 13:18:44', NULL),
(69, 'cZo8BW_Ejnw01un0UDD5SV', 'mbp13-space-select-201807.jpeg', '62efc4efc233e5930201b1bb2a66d159.jpeg', '2019-01-17 13:20:52', NULL);

-- --------------------------------------------------------

--
-- Table structure for table `users`
--

CREATE TABLE `users` (
  `id` int(11) NOT NULL,
  `username` varchar(255) DEFAULT NULL,
  `password` varchar(255) DEFAULT NULL,
  `role` int(11) DEFAULT NULL,
  `phone` varchar(20) DEFAULT NULL,
  `department_id` varchar(50) DEFAULT NULL,
  `email` varchar(100) DEFAULT NULL,
  `user_type` int(11) DEFAULT NULL,
  `name` varchar(255) DEFAULT NULL
) ENGINE=InnoDB DEFAULT CHARSET=utf8 COMMENT='ผู้ใช้';

--
-- Dumping data for table `users`
--

INSERT INTO `users` (`id`, `username`, `password`, `role`, `phone`, `department_id`, `email`, `user_type`, `name`) VALUES
(3, 'patjawat', '1234', 1, '0909748044', 'ER', 'patjawat@gmail.com', 1, NULL),
(21, 'demo', 'demo', 3, '0908888888', 'IPD', NULL, 2, NULL),
(31, 'ao', '$2b$16$FY59o67Cl/eTV2stPBcWneQF03IX/p1iEOIhzFzFJR8J.ppEaoQ.i', 1, NULL, 'dent', NULL, NULL, NULL);

-- --------------------------------------------------------

--
-- Table structure for table `user_role`
--

CREATE TABLE `user_role` (
  `id` int(11) NOT NULL,
  `name` varchar(255) NOT NULL,
  `description` varchar(255) DEFAULT NULL
) ENGINE=InnoDB DEFAULT CHARSET=utf8;

--
-- Dumping data for table `user_role`
--

INSERT INTO `user_role` (`id`, `name`, `description`) VALUES
(1, 'admin', 'ผู้ดูแลระบบ'),
(2, 'manager', 'เจ้าหน้าที่พัสดุ'),
(3, 'user', 'ใช้งานทั่วไป'),
(4, 'fix', 'ช่างซ่อมบำรุง');

--
-- Indexes for dumped tables
--

--
-- Indexes for table `asset`
--
ALTER TABLE `asset`
  ADD PRIMARY KEY (`id`) USING BTREE;

--
-- Indexes for table `asset_condition`
--
ALTER TABLE `asset_condition`
  ADD PRIMARY KEY (`condition_id`) USING BTREE;

--
-- Indexes for table `band`
--
ALTER TABLE `band`
  ADD PRIMARY KEY (`id`);

--
-- Indexes for table `budgets`
--
ALTER TABLE `budgets`
  ADD PRIMARY KEY (`id`) USING BTREE;

--
-- Indexes for table `budgets_year`
--
ALTER TABLE `budgets_year`
  ADD PRIMARY KEY (`id`) USING BTREE;

--
-- Indexes for table `buying`
--
ALTER TABLE `buying`
  ADD PRIMARY KEY (`id`) USING BTREE;

--
-- Indexes for table `dealer`
--
ALTER TABLE `dealer`
  ADD PRIMARY KEY (`id`) USING BTREE;

--
-- Indexes for table `department`
--
ALTER TABLE `department`
  ADD PRIMARY KEY (`id`) USING BTREE;

--
-- Indexes for table `fix`
--
ALTER TABLE `fix`
  ADD PRIMARY KEY (`id`);

--
-- Indexes for table `fix_status`
--
ALTER TABLE `fix_status`
  ADD PRIMARY KEY (`status_id`) USING BTREE;

--
-- Indexes for table `fsn`
--
ALTER TABLE `fsn`
  ADD PRIMARY KEY (`id`) USING BTREE;

--
-- Indexes for table `plan`
--
ALTER TABLE `plan`
  ADD PRIMARY KEY (`id`) USING BTREE;

--
-- Indexes for table `plan_items`
--
ALTER TABLE `plan_items`
  ADD PRIMARY KEY (`id`) USING BTREE;

--
-- Indexes for table `service`
--
ALTER TABLE `service`
  ADD PRIMARY KEY (`id`) USING BTREE;

--
-- Indexes for table `status`
--
ALTER TABLE `status`
  ADD PRIMARY KEY (`id`) USING BTREE;

--
-- Indexes for table `uploads`
--
ALTER TABLE `uploads`
  ADD PRIMARY KEY (`upload_id`) USING BTREE;

--
-- Indexes for table `users`
--
ALTER TABLE `users`
  ADD PRIMARY KEY (`id`);

--
-- Indexes for table `user_role`
--
ALTER TABLE `user_role`
  ADD PRIMARY KEY (`id`);

--
-- AUTO_INCREMENT for dumped tables
--

--
-- AUTO_INCREMENT for table `asset`
--
ALTER TABLE `asset`
  MODIFY `id` int(50) NOT NULL AUTO_INCREMENT COMMENT 'รหัส', AUTO_INCREMENT=63;

--
-- AUTO_INCREMENT for table `buying`
--
ALTER TABLE `buying`
  MODIFY `id` int(10) NOT NULL AUTO_INCREMENT COMMENT 'รหัส', AUTO_INCREMENT=3;

--
-- AUTO_INCREMENT for table `fix`
--
ALTER TABLE `fix`
  MODIFY `id` int(11) NOT NULL AUTO_INCREMENT COMMENT 'รหัส', AUTO_INCREMENT=26;

--
-- AUTO_INCREMENT for table `fsn`
--
ALTER TABLE `fsn`
  MODIFY `id` int(11) NOT NULL AUTO_INCREMENT, AUTO_INCREMENT=1488;

--
-- AUTO_INCREMENT for table `plan`
--
ALTER TABLE `plan`
  MODIFY `id` int(11) NOT NULL AUTO_INCREMENT COMMENT 'ID', AUTO_INCREMENT=44;

--
-- AUTO_INCREMENT for table `plan_items`
--
ALTER TABLE `plan_items`
  MODIFY `id` int(11) NOT NULL AUTO_INCREMENT COMMENT 'ID', AUTO_INCREMENT=88;

--
-- AUTO_INCREMENT for table `service`
--
ALTER TABLE `service`
  MODIFY `id` int(11) NOT NULL AUTO_INCREMENT COMMENT 'รหัส';

--
-- AUTO_INCREMENT for table `uploads`
--
ALTER TABLE `uploads`
  MODIFY `upload_id` int(11) NOT NULL AUTO_INCREMENT, AUTO_INCREMENT=70;

--
-- AUTO_INCREMENT for table `users`
--
ALTER TABLE `users`
  MODIFY `id` int(11) NOT NULL AUTO_INCREMENT, AUTO_INCREMENT=32;

--
-- AUTO_INCREMENT for table `user_role`
--
ALTER TABLE `user_role`
  MODIFY `id` int(11) NOT NULL AUTO_INCREMENT, AUTO_INCREMENT=5;
COMMIT;

/*!40101 SET CHARACTER_SET_CLIENT=@OLD_CHARACTER_SET_CLIENT */;
/*!40101 SET CHARACTER_SET_RESULTS=@OLD_CHARACTER_SET_RESULTS */;
/*!40101 SET COLLATION_CONNECTION=@OLD_COLLATION_CONNECTION */;
